-- MySQL dump 10.13  Distrib 8.0.39, for Linux (x86_64)
--
-- Host: localhost    Database: asmitixc_game4
-- ------------------------------------------------------
-- Server version	8.0.39-cll-lve

/*!40101 SET @OLD_CHARACTER_SET_CLIENT=@@CHARACTER_SET_CLIENT */;
/*!40101 SET @OLD_CHARACTER_SET_RESULTS=@@CHARACTER_SET_RESULTS */;
/*!40101 SET @OLD_COLLATION_CONNECTION=@@COLLATION_CONNECTION */;
/*!50503 SET NAMES utf8mb4 */;
/*!40103 SET @OLD_TIME_ZONE=@@TIME_ZONE */;
/*!40103 SET TIME_ZONE='+00:00' */;
/*!40014 SET @OLD_UNIQUE_CHECKS=@@UNIQUE_CHECKS, UNIQUE_CHECKS=0 */;
/*!40014 SET @OLD_FOREIGN_KEY_CHECKS=@@FOREIGN_KEY_CHECKS, FOREIGN_KEY_CHECKS=0 */;
/*!40101 SET @OLD_SQL_MODE=@@SQL_MODE, SQL_MODE='NO_AUTO_VALUE_ON_ZERO' */;
/*!40111 SET @OLD_SQL_NOTES=@@SQL_NOTES, SQL_NOTES=0 */;

--
-- Table structure for table `admin_control`
--

DROP TABLE IF EXISTS `admin_control`;
/*!40101 SET @saved_cs_client     = @@character_set_client */;
/*!50503 SET character_set_client = utf8mb4 */;
CREATE TABLE `admin_control` (
  `id` int NOT NULL AUTO_INCREMENT,
  `run_function` tinyint(1) DEFAULT NULL,
  PRIMARY KEY (`id`)
) ENGINE=InnoDB AUTO_INCREMENT=2 DEFAULT CHARSET=latin1;
/*!40101 SET character_set_client = @saved_cs_client */;

--
-- Dumping data for table `admin_control`
--

LOCK TABLES `admin_control` WRITE;
/*!40000 ALTER TABLE `admin_control` DISABLE KEYS */;
INSERT INTO `admin_control` VALUES (1,1);
/*!40000 ALTER TABLE `admin_control` ENABLE KEYS */;
UNLOCK TABLES;

--
-- Table structure for table `biddetails`
--

DROP TABLE IF EXISTS `biddetails`;
/*!40101 SET @saved_cs_client     = @@character_set_client */;
/*!50503 SET character_set_client = utf8mb4 */;
CREATE TABLE `biddetails` (
  `id` int NOT NULL AUTO_INCREMENT,
  `user_id` int DEFAULT NULL,
  `bid_number` int DEFAULT NULL,
  `bid_amount` decimal(10,2) DEFAULT NULL,
  `bid_date` timestamp NULL DEFAULT NULL,
  PRIMARY KEY (`id`),
  KEY `FK_User` (`user_id`)
) ENGINE=InnoDB AUTO_INCREMENT=3137 DEFAULT CHARSET=latin1;
/*!40101 SET character_set_client = @saved_cs_client */;

--
-- Dumping data for table `biddetails`
--

LOCK TABLES `biddetails` WRITE;
/*!40000 ALTER TABLE `biddetails` DISABLE KEYS */;
INSERT INTO `biddetails` VALUES (3074,28,76,5.00,'2024-11-23 11:26:23'),(3075,28,78,5.00,'2024-11-23 11:26:23'),(3076,28,73,5.00,'2024-11-23 11:26:23'),(3077,28,72,10.00,'2024-11-23 11:28:41'),(3078,28,67,5.00,'2024-11-23 11:26:23'),(3079,28,68,15.00,'2024-11-23 11:29:02'),(3080,28,63,10.00,'2024-11-23 11:29:23'),(3081,28,62,5.00,'2024-11-23 11:26:23'),(3082,28,87,5.00,'2024-11-23 11:26:23'),(3083,28,86,5.00,'2024-11-23 11:26:23'),(3084,28,83,20.00,'2024-11-23 11:28:14'),(3085,28,82,10.00,'2024-11-23 11:28:07'),(3086,28,37,5.00,'2024-11-23 11:26:23'),(3087,28,36,5.00,'2024-11-23 11:26:23'),(3088,28,38,10.00,'2024-11-23 11:30:33'),(3089,28,32,5.00,'2024-11-23 11:26:23'),(3090,28,27,5.00,'2024-11-23 11:26:23'),(3091,28,26,10.00,'2024-11-23 11:31:00'),(3092,28,28,5.00,'2024-11-23 11:26:23'),(3093,28,23,10.00,'2024-11-23 11:31:23'),(3094,28,0,20.00,'2024-11-23 11:26:35'),(3095,28,22,10.00,'2024-11-23 11:26:45'),(3096,28,33,10.00,'2024-11-23 11:26:59'),(3097,28,44,10.00,'2024-11-23 11:27:05'),(3098,28,55,10.00,'2024-11-23 11:27:11'),(3099,28,66,10.00,'2024-11-23 11:27:19'),(3100,28,77,10.00,'2024-11-23 11:27:26'),(3101,28,88,5.00,'2024-11-23 11:27:35'),(3102,28,99,10.00,'2024-11-23 11:27:41'),(3103,28,94,5.00,'2024-11-23 11:27:47'),(3104,28,98,10.00,'2024-11-23 11:27:53'),(3105,28,89,5.00,'2024-11-23 11:28:00'),(3106,28,81,10.00,'2024-11-23 11:28:25'),(3107,28,79,5.00,'2024-11-23 11:28:34'),(3108,28,70,5.00,'2024-11-23 11:28:46'),(3109,28,71,15.00,'2024-11-23 11:28:53'),(3110,28,64,10.00,'2024-11-23 11:29:10'),(3111,28,61,5.00,'2024-11-23 11:29:17'),(3112,28,58,5.00,'2024-11-23 11:29:31'),(3113,28,52,10.00,'2024-11-23 11:29:40'),(3114,28,56,5.00,'2024-11-23 11:29:46'),(3115,28,53,5.00,'2024-11-23 11:29:54'),(3116,28,48,5.00,'2024-11-23 11:30:00'),(3117,28,41,5.00,'2024-11-23 11:30:09'),(3118,28,40,5.00,'2024-11-23 11:30:17'),(3119,28,42,5.00,'2024-11-23 11:30:24'),(3120,28,31,5.00,'2024-11-23 11:30:41'),(3121,28,30,5.00,'2024-11-23 11:30:47'),(3122,28,25,10.00,'2024-11-23 11:30:54'),(3123,28,24,5.00,'2024-11-23 11:31:05'),(3124,28,21,5.00,'2024-11-23 11:31:12'),(3125,28,20,5.00,'2024-11-23 11:31:18'),(3126,28,17,10.00,'2024-11-23 11:31:30'),(3127,28,19,10.00,'2024-11-23 11:31:37'),(3128,28,16,5.00,'2024-11-23 11:31:42'),(3129,28,14,5.00,'2024-11-23 11:31:48'),(3130,28,11,5.00,'2024-11-23 11:31:54'),(3131,28,12,5.00,'2024-11-23 11:31:59'),(3132,28,2,5.00,'2024-11-23 11:32:09'),(3133,28,6,5.00,'2024-11-23 11:32:16'),(3134,28,8,5.00,'2024-11-23 11:32:23'),(3135,28,7,5.00,'2024-11-23 11:32:32'),(3136,28,1,5.00,'2024-11-23 11:32:38');
/*!40000 ALTER TABLE `biddetails` ENABLE KEYS */;
UNLOCK TABLES;

--
-- Table structure for table `first_digit`
--

DROP TABLE IF EXISTS `first_digit`;
/*!40101 SET @saved_cs_client     = @@character_set_client */;
/*!50503 SET character_set_client = utf8mb4 */;
CREATE TABLE `first_digit` (
  `id` int NOT NULL AUTO_INCREMENT,
  `number` int NOT NULL,
  `amount` int NOT NULL,
  PRIMARY KEY (`id`)
) ENGINE=InnoDB AUTO_INCREMENT=11 DEFAULT CHARSET=latin1;
/*!40101 SET character_set_client = @saved_cs_client */;

--
-- Dumping data for table `first_digit`
--

LOCK TABLES `first_digit` WRITE;
/*!40000 ALTER TABLE `first_digit` DISABLE KEYS */;
INSERT INTO `first_digit` VALUES (1,0,0),(2,1,0),(3,2,40),(4,3,20),(5,4,0),(6,5,35),(7,6,0),(8,7,0),(9,8,0),(10,9,0);
/*!40000 ALTER TABLE `first_digit` ENABLE KEYS */;
UNLOCK TABLES;

--
-- Table structure for table `firstbiddetails`
--

DROP TABLE IF EXISTS `firstbiddetails`;
/*!40101 SET @saved_cs_client     = @@character_set_client */;
/*!50503 SET character_set_client = utf8mb4 */;
CREATE TABLE `firstbiddetails` (
  `fid` int NOT NULL AUTO_INCREMENT,
  `user_id` int DEFAULT NULL,
  `bid_number` int DEFAULT NULL,
  `bid_amount` int DEFAULT NULL,
  `bid_date` timestamp NOT NULL DEFAULT CURRENT_TIMESTAMP ON UPDATE CURRENT_TIMESTAMP,
  PRIMARY KEY (`fid`),
  KEY `user_id` (`user_id`)
) ENGINE=InnoDB AUTO_INCREMENT=109 DEFAULT CHARSET=latin1;
/*!40101 SET character_set_client = @saved_cs_client */;

--
-- Dumping data for table `firstbiddetails`
--

LOCK TABLES `firstbiddetails` WRITE;
/*!40000 ALTER TABLE `firstbiddetails` DISABLE KEYS */;
INSERT INTO `firstbiddetails` VALUES (106,28,5,35,'2024-11-23 11:33:18'),(107,28,2,40,'2024-11-23 11:33:28'),(108,28,3,20,'2024-11-23 11:33:46');
/*!40000 ALTER TABLE `firstbiddetails` ENABLE KEYS */;
UNLOCK TABLES;

--
-- Table structure for table `input_time`
--

DROP TABLE IF EXISTS `input_time`;
/*!40101 SET @saved_cs_client     = @@character_set_client */;
/*!50503 SET character_set_client = utf8mb4 */;
CREATE TABLE `input_time` (
  `id` int NOT NULL AUTO_INCREMENT,
  `time` time NOT NULL,
  PRIMARY KEY (`id`)
) ENGINE=InnoDB AUTO_INCREMENT=2 DEFAULT CHARSET=latin1;
/*!40101 SET character_set_client = @saved_cs_client */;

--
-- Dumping data for table `input_time`
--

LOCK TABLES `input_time` WRITE;
/*!40000 ALTER TABLE `input_time` DISABLE KEYS */;
INSERT INTO `input_time` VALUES (1,'18:40:00');
/*!40000 ALTER TABLE `input_time` ENABLE KEYS */;
UNLOCK TABLES;

--
-- Table structure for table `luckynumber`
--

DROP TABLE IF EXISTS `luckynumber`;
/*!40101 SET @saved_cs_client     = @@character_set_client */;
/*!50503 SET character_set_client = utf8mb4 */;
CREATE TABLE `luckynumber` (
  `id` int NOT NULL AUTO_INCREMENT,
  `number` int NOT NULL,
  `amount` int NOT NULL,
  PRIMARY KEY (`id`)
) ENGINE=InnoDB AUTO_INCREMENT=2 DEFAULT CHARSET=latin1;
/*!40101 SET character_set_client = @saved_cs_client */;

--
-- Dumping data for table `luckynumber`
--

LOCK TABLES `luckynumber` WRITE;
/*!40000 ALTER TABLE `luckynumber` DISABLE KEYS */;
INSERT INTO `luckynumber` VALUES (1,17,10);
/*!40000 ALTER TABLE `luckynumber` ENABLE KEYS */;
UNLOCK TABLES;

--
-- Table structure for table `market`
--

DROP TABLE IF EXISTS `market`;
/*!40101 SET @saved_cs_client     = @@character_set_client */;
/*!50503 SET character_set_client = utf8mb4 */;
CREATE TABLE `market` (
  `suspend` tinyint(1) NOT NULL DEFAULT '0'
) ENGINE=InnoDB DEFAULT CHARSET=latin1;
/*!40101 SET character_set_client = @saved_cs_client */;

--
-- Dumping data for table `market`
--

LOCK TABLES `market` WRITE;
/*!40000 ALTER TABLE `market` DISABLE KEYS */;
INSERT INTO `market` VALUES (1);
/*!40000 ALTER TABLE `market` ENABLE KEYS */;
UNLOCK TABLES;

--
-- Table structure for table `number_table`
--

DROP TABLE IF EXISTS `number_table`;
/*!40101 SET @saved_cs_client     = @@character_set_client */;
/*!50503 SET character_set_client = utf8mb4 */;
CREATE TABLE `number_table` (
  `id` int NOT NULL AUTO_INCREMENT,
  `number` int DEFAULT NULL,
  `amount` int DEFAULT NULL,
  `created_at` timestamp NOT NULL DEFAULT CURRENT_TIMESTAMP,
  PRIMARY KEY (`id`)
) ENGINE=InnoDB AUTO_INCREMENT=101 DEFAULT CHARSET=utf8mb4 COLLATE=utf8mb4_general_ci;
/*!40101 SET character_set_client = @saved_cs_client */;

--
-- Dumping data for table `number_table`
--

LOCK TABLES `number_table` WRITE;
/*!40000 ALTER TABLE `number_table` DISABLE KEYS */;
INSERT INTO `number_table` VALUES (1,0,20,'2023-06-07 13:03:22'),(2,1,5,'2023-06-07 13:03:22'),(3,2,5,'2023-06-07 13:03:22'),(4,3,0,'2023-06-07 13:03:22'),(5,4,0,'2023-06-07 13:03:22'),(6,5,0,'2023-06-07 13:03:22'),(7,6,5,'2023-06-07 13:03:22'),(8,7,5,'2023-06-07 13:03:22'),(9,8,5,'2023-06-07 13:03:22'),(10,9,0,'2023-06-07 13:03:22'),(11,10,0,'2023-06-07 13:03:22'),(12,11,5,'2023-06-07 13:03:22'),(13,12,5,'2023-06-07 13:03:22'),(14,13,0,'2023-06-07 13:03:22'),(15,14,5,'2023-06-07 13:03:22'),(16,15,0,'2023-06-07 13:03:22'),(17,16,5,'2023-06-07 13:03:22'),(18,17,10,'2023-06-07 13:03:22'),(19,18,0,'2023-06-07 13:03:22'),(20,19,10,'2023-06-07 13:03:22'),(21,20,5,'2023-06-07 13:03:22'),(22,21,5,'2023-06-07 13:03:22'),(23,22,10,'2023-06-07 13:03:22'),(24,23,10,'2023-06-07 13:03:22'),(25,24,5,'2023-06-07 13:03:22'),(26,25,10,'2023-06-07 13:03:22'),(27,26,10,'2023-06-07 13:03:22'),(28,27,5,'2023-06-07 13:03:22'),(29,28,5,'2023-06-07 13:03:22'),(30,29,0,'2023-06-07 13:03:22'),(31,30,5,'2023-06-07 13:03:22'),(32,31,5,'2023-06-07 13:03:22'),(33,32,5,'2023-06-07 13:03:22'),(34,33,10,'2023-06-07 13:03:22'),(35,34,0,'2023-06-07 13:03:22'),(36,35,0,'2023-06-07 13:03:22'),(37,36,5,'2023-06-07 13:03:22'),(38,37,5,'2023-06-07 13:03:22'),(39,38,10,'2023-06-07 13:03:22'),(40,39,0,'2023-06-07 13:03:22'),(41,40,5,'2023-06-07 13:03:22'),(42,41,5,'2023-06-07 13:03:22'),(43,42,5,'2023-06-07 13:03:22'),(44,43,0,'2023-06-07 13:03:22'),(45,44,10,'2023-06-07 13:03:22'),(46,45,0,'2023-06-07 13:03:22'),(47,46,0,'2023-06-07 13:03:22'),(48,47,0,'2023-06-07 13:03:22'),(49,48,5,'2023-06-07 13:03:22'),(50,49,0,'2023-06-07 13:03:22'),(51,50,0,'2023-06-07 13:03:22'),(52,51,0,'2023-06-07 13:03:22'),(53,52,10,'2023-06-07 13:03:22'),(54,53,5,'2023-06-07 13:03:22'),(55,54,0,'2023-06-07 13:03:22'),(56,55,10,'2023-06-07 13:03:22'),(57,56,5,'2023-06-07 13:03:22'),(58,57,0,'2023-06-07 13:03:22'),(59,58,5,'2023-06-07 13:03:22'),(60,59,0,'2023-06-07 13:03:22'),(61,60,0,'2023-06-07 13:03:22'),(62,61,5,'2023-06-07 13:03:22'),(63,62,5,'2023-06-07 13:03:22'),(64,63,10,'2023-06-07 13:03:22'),(65,64,10,'2023-06-07 13:03:22'),(66,65,0,'2023-06-07 13:03:22'),(67,66,10,'2023-06-07 13:03:22'),(68,67,5,'2023-06-07 13:03:22'),(69,68,15,'2023-06-07 13:03:22'),(70,69,0,'2023-06-07 13:03:22'),(71,70,5,'2023-06-07 13:03:22'),(72,71,15,'2023-06-07 13:03:22'),(73,72,10,'2023-06-07 13:03:22'),(74,73,5,'2023-06-07 13:03:22'),(75,74,0,'2023-06-07 13:03:22'),(76,75,0,'2023-06-07 13:03:22'),(77,76,5,'2023-06-07 13:03:22'),(78,77,10,'2023-06-07 13:03:22'),(79,78,5,'2023-06-07 13:03:22'),(80,79,5,'2023-06-07 13:03:22'),(81,80,0,'2023-06-07 13:03:22'),(82,81,10,'2023-06-07 13:03:22'),(83,82,10,'2023-06-07 13:03:22'),(84,83,20,'2023-06-07 13:03:22'),(85,84,0,'2023-06-07 13:03:22'),(86,85,0,'2023-06-07 13:03:22'),(87,86,5,'2023-06-07 13:03:22'),(88,87,5,'2023-06-07 13:03:22'),(89,88,5,'2023-06-07 13:03:22'),(90,89,5,'2023-06-07 13:03:22'),(91,90,0,'2023-06-07 13:03:22'),(92,91,0,'2023-06-07 13:03:22'),(93,92,0,'2023-06-07 13:03:22'),(94,93,0,'2023-06-07 13:03:22'),(95,94,5,'2023-06-07 13:03:22'),(96,95,0,'2023-06-07 13:03:22'),(97,96,0,'2023-06-07 13:03:22'),(98,97,0,'2023-06-07 13:03:22'),(99,98,10,'2023-06-07 13:03:22'),(100,99,10,'2023-06-07 13:03:22');
/*!40000 ALTER TABLE `number_table` ENABLE KEYS */;
UNLOCK TABLES;

--
-- Table structure for table `profit_percent`
--

DROP TABLE IF EXISTS `profit_percent`;
/*!40101 SET @saved_cs_client     = @@character_set_client */;
/*!50503 SET character_set_client = utf8mb4 */;
CREATE TABLE `profit_percent` (
  `id` int NOT NULL AUTO_INCREMENT,
  `digit` int NOT NULL,
  `percentage` float NOT NULL,
  PRIMARY KEY (`id`)
) ENGINE=InnoDB AUTO_INCREMENT=4 DEFAULT CHARSET=latin1;
/*!40101 SET character_set_client = @saved_cs_client */;

--
-- Dumping data for table `profit_percent`
--

LOCK TABLES `profit_percent` WRITE;
/*!40000 ALTER TABLE `profit_percent` DISABLE KEYS */;
INSERT INTO `profit_percent` VALUES (1,0,8400),(2,1,750),(3,3,750);
/*!40000 ALTER TABLE `profit_percent` ENABLE KEYS */;
UNLOCK TABLES;

--
-- Table structure for table `second_digit`
--

DROP TABLE IF EXISTS `second_digit`;
/*!40101 SET @saved_cs_client     = @@character_set_client */;
/*!50503 SET character_set_client = utf8mb4 */;
CREATE TABLE `second_digit` (
  `id` int NOT NULL AUTO_INCREMENT,
  `number` int NOT NULL,
  `amount` int NOT NULL,
  PRIMARY KEY (`id`)
) ENGINE=InnoDB AUTO_INCREMENT=11 DEFAULT CHARSET=latin1;
/*!40101 SET character_set_client = @saved_cs_client */;

--
-- Dumping data for table `second_digit`
--

LOCK TABLES `second_digit` WRITE;
/*!40000 ALTER TABLE `second_digit` DISABLE KEYS */;
INSERT INTO `second_digit` VALUES (1,0,0),(2,1,0),(3,2,0),(4,3,0),(5,4,0),(6,5,0),(7,6,0),(8,7,0),(9,8,0),(10,9,0);
/*!40000 ALTER TABLE `second_digit` ENABLE KEYS */;
UNLOCK TABLES;

--
-- Table structure for table `secondbiddetails`
--

DROP TABLE IF EXISTS `secondbiddetails`;
/*!40101 SET @saved_cs_client     = @@character_set_client */;
/*!50503 SET character_set_client = utf8mb4 */;
CREATE TABLE `secondbiddetails` (
  `sid` int NOT NULL AUTO_INCREMENT,
  `user_id` int DEFAULT NULL,
  `bid_number` int DEFAULT NULL,
  `bid_amount` int DEFAULT NULL,
  `bid_date` timestamp NOT NULL DEFAULT CURRENT_TIMESTAMP ON UPDATE CURRENT_TIMESTAMP,
  PRIMARY KEY (`sid`),
  KEY `user_id` (`user_id`)
) ENGINE=InnoDB AUTO_INCREMENT=17 DEFAULT CHARSET=latin1;
/*!40101 SET character_set_client = @saved_cs_client */;

--
-- Dumping data for table `secondbiddetails`
--

LOCK TABLES `secondbiddetails` WRITE;
/*!40000 ALTER TABLE `secondbiddetails` DISABLE KEYS */;
/*!40000 ALTER TABLE `secondbiddetails` ENABLE KEYS */;
UNLOCK TABLES;

--
-- Table structure for table `transactions`
--

DROP TABLE IF EXISTS `transactions`;
/*!40101 SET @saved_cs_client     = @@character_set_client */;
/*!50503 SET character_set_client = utf8mb4 */;
CREATE TABLE `transactions` (
  `transaction_id` int NOT NULL AUTO_INCREMENT,
  `user_id` int DEFAULT NULL,
  `transaction_type` varchar(10) DEFAULT NULL,
  `amount` decimal(10,2) DEFAULT NULL,
  `transaction_date` datetime DEFAULT NULL,
  `details` text,
  PRIMARY KEY (`transaction_id`),
  KEY `transactions_ibfk_1` (`user_id`)
) ENGINE=InnoDB AUTO_INCREMENT=944 DEFAULT CHARSET=latin1;
/*!40101 SET character_set_client = @saved_cs_client */;

--
-- Dumping data for table `transactions`
--

LOCK TABLES `transactions` WRITE;
/*!40000 ALTER TABLE `transactions` DISABLE KEYS */;
INSERT INTO `transactions` VALUES (1,27,'Spend',50.00,'2024-07-04 13:25:05','Spent on 2 digit number  6'),(2,27,'Spend',50.00,'2024-07-04 13:25:24','Spent on 2 digit number  60'),(3,27,'Spend',50.00,'2024-07-04 13:25:33','Spent on 2 digit number  61'),(4,27,'Spend',50.00,'2024-07-04 13:25:41','Spent on 2 digit number  62'),(5,27,'Spend',50.00,'2024-07-04 13:25:48','Spent on 2 digit number  63'),(6,27,'Spend',50.00,'2024-07-04 13:25:54','Spent on 2 digit number  64'),(7,27,'Spend',50.00,'2024-07-04 13:26:00','Spent on 2 digit number  65'),(8,27,'Spend',50.00,'2024-07-04 13:26:06','Spent on 2 digit number  66'),(9,27,'Spend',50.00,'2024-07-04 13:26:12','Spent on 2 digit number  67'),(10,27,'Spend',50.00,'2024-07-04 13:26:18','Spent on 2 digit number  68'),(11,27,'Spend',50.00,'2024-07-04 13:26:25','Spent on 2 digit number  69'),(12,27,'Spend',10.00,'2024-07-04 13:27:20','Spent on 2 digit number  45'),(13,27,'Spend',10.00,'2024-07-04 13:27:21','Spent on 2 digit number  47'),(14,27,'Spend',10.00,'2024-07-04 13:27:21','Spent on 2 digit number  48'),(15,27,'Spend',10.00,'2024-07-04 13:27:21','Spent on 2 digit number  46'),(16,27,'Spend',10.00,'2024-07-04 13:27:21','Spent on 2 digit number  54'),(17,27,'Spend',10.00,'2024-07-04 13:27:21','Spent on 2 digit number  57'),(18,27,'Spend',10.00,'2024-07-04 13:27:21','Spent on 2 digit number  58'),(19,27,'Spend',10.00,'2024-07-04 13:27:21','Spent on 2 digit number  56'),(20,27,'Spend',10.00,'2024-07-04 13:27:21','Spent on 2 digit number  74'),(21,27,'Spend',10.00,'2024-07-04 13:27:21','Spent on 2 digit number  75'),(22,27,'Spend',10.00,'2024-07-04 13:27:21','Spent on 2 digit number  78'),(23,27,'Spend',10.00,'2024-07-04 13:27:21','Spent on 2 digit number  76'),(24,27,'Spend',10.00,'2024-07-04 13:27:21','Spent on 2 digit number  84'),(25,27,'Spend',10.00,'2024-07-04 13:27:21','Spent on 2 digit number  85'),(26,27,'Spend',10.00,'2024-07-04 13:27:21','Spent on 2 digit number  87'),(27,27,'Spend',10.00,'2024-07-04 13:27:21','Spent on 2 digit number  86'),(28,27,'Spend',10.00,'2024-07-04 13:27:21','Spent on 2 digit number  64'),(29,27,'Spend',10.00,'2024-07-04 13:27:21','Spent on 2 digit number  65'),(30,27,'Spend',10.00,'2024-07-04 13:27:21','Spent on 2 digit number  67'),(31,27,'Spend',10.00,'2024-07-04 13:27:21','Spent on 2 digit number  68'),(32,27,'Spend',20.00,'2024-07-08 13:25:07','Spent on 2 digit number  60'),(33,27,'Spend',20.00,'2024-07-08 13:25:24','Spent on 2 digit number  61'),(34,27,'Spend',20.00,'2024-07-08 13:25:25','Spent on 2 digit number  62'),(35,27,'Spend',20.00,'2024-07-08 13:25:25','Spent on 2 digit number  63'),(36,27,'Spend',20.00,'2024-07-08 13:26:28','Spent on 2 digit number  64'),(37,27,'Spend',20.00,'2024-07-08 13:26:37','Spent on 2 digit number  65'),(38,27,'Spend',20.00,'2024-07-08 13:26:50','Spent on 2 digit number  66'),(39,27,'Spend',20.00,'2024-07-08 13:26:50','Spent on 2 digit number  67'),(40,27,'Spend',20.00,'2024-07-08 13:26:58','Spent on 2 digit number  68'),(41,27,'Spend',20.00,'2024-07-08 13:27:04','Spent on 2 digit number  69'),(42,27,'Spend',10.00,'2024-07-08 13:27:38','Spent on 2 digit number  6'),(43,27,'Spend',10.00,'2024-07-08 13:27:38','Spent on 2 digit number  4'),(44,27,'Spend',10.00,'2024-07-08 13:27:38','Spent on 2 digit number  5'),(45,27,'Spend',10.00,'2024-07-08 13:27:38','Spent on 2 digit number  7'),(46,27,'Spend',10.00,'2024-07-08 13:27:38','Spent on 2 digit number  60'),(47,27,'Spend',10.00,'2024-07-08 13:27:38','Spent on 2 digit number  64'),(48,27,'Spend',10.00,'2024-07-08 13:27:38','Spent on 2 digit number  65'),(49,27,'Spend',10.00,'2024-07-08 13:27:38','Spent on 2 digit number  67'),(50,27,'Spend',10.00,'2024-07-08 13:27:38','Spent on 2 digit number  40'),(51,27,'Spend',10.00,'2024-07-08 13:27:38','Spent on 2 digit number  46'),(52,27,'Spend',10.00,'2024-07-08 13:27:38','Spent on 2 digit number  45'),(53,27,'Spend',10.00,'2024-07-08 13:27:38','Spent on 2 digit number  47'),(54,27,'Spend',10.00,'2024-07-08 13:27:38','Spent on 2 digit number  50'),(55,27,'Spend',10.00,'2024-07-08 13:27:38','Spent on 2 digit number  56'),(56,27,'Spend',10.00,'2024-07-08 13:27:38','Spent on 2 digit number  54'),(57,27,'Spend',10.00,'2024-07-08 13:27:38','Spent on 2 digit number  57'),(58,27,'Spend',10.00,'2024-07-08 13:27:38','Spent on 2 digit number  70'),(59,27,'Spend',10.00,'2024-07-08 13:27:38','Spent on 2 digit number  76'),(60,27,'Spend',10.00,'2024-07-08 13:27:38','Spent on 2 digit number  74'),(61,27,'Spend',10.00,'2024-07-08 13:27:38','Spent on 2 digit number  75'),(62,32,'Spend',20.00,'2024-07-12 13:09:31','Spent on 2 digit number  62'),(63,32,'Spend',20.00,'2024-07-12 13:09:31','Spent on 2 digit number  60'),(64,32,'Spend',20.00,'2024-07-12 13:09:31','Spent on 2 digit number  65'),(65,32,'Spend',20.00,'2024-07-12 13:09:31','Spent on 2 digit number  26'),(66,32,'Spend',20.00,'2024-07-12 13:09:31','Spent on 2 digit number  20'),(67,32,'Spend',20.00,'2024-07-12 13:09:31','Spent on 2 digit number  25'),(68,32,'Spend',20.00,'2024-07-12 13:09:31','Spent on 2 digit number  6'),(69,32,'Spend',20.00,'2024-07-12 13:09:31','Spent on 2 digit number  2'),(70,32,'Spend',20.00,'2024-07-12 13:09:31','Spent on 2 digit number  5'),(71,32,'Spend',20.00,'2024-07-12 13:09:31','Spent on 2 digit number  56'),(72,32,'Spend',20.00,'2024-07-12 13:09:31','Spent on 2 digit number  52'),(73,32,'Spend',20.00,'2024-07-12 13:09:31','Spent on 2 digit number  50'),(74,32,'Spend',100.00,'2024-07-12 13:10:00','Spent on 2 digit number  93'),(75,32,'Spend',100.00,'2024-07-12 13:10:07','Spent on 2 digit number  92'),(76,36,'Spend',20.00,'2024-07-13 13:12:13','Spent on 2 digit number  39'),(77,36,'Spend',20.00,'2024-07-13 13:12:13','Spent on 2 digit number  34'),(78,36,'Spend',5.00,'2024-07-13 13:13:33','Spent on 2 digit number  43'),(79,36,'Spend',5.00,'2024-07-13 13:13:33','Spent on 2 digit number  65'),(80,36,'Spend',5.00,'2024-07-13 13:13:33','Spent on 2 digit number  33'),(81,36,'Spend',5.00,'2024-07-13 13:13:33','Spent on 2 digit number  12'),(82,36,'Spend',5.00,'2024-07-13 13:13:33','Spent on 2 digit number  45'),(83,36,'Spend',5.00,'2024-07-13 13:13:33','Spent on 2 digit number  78'),(84,36,'Spend',5.00,'2024-07-13 13:13:33','Spent on 2 digit number  76'),(85,36,'Spend',10.00,'2024-07-15 12:40:40','Spent on 2 digit number  37'),(86,36,'Spend',10.00,'2024-07-15 12:40:40','Spent on 2 digit number  5'),(87,36,'Spend',10.00,'2024-07-15 12:40:40','Spent on 2 digit number  10'),(88,36,'Spend',10.00,'2024-07-15 12:40:40','Spent on 2 digit number  1'),(89,36,'Spend',10.00,'2024-07-15 12:40:40','Spent on 2 digit number  82'),(90,36,'Spend',30.00,'2024-07-15 12:42:04','Spent on 2 digit number  19'),(91,36,'Spend',10.00,'2024-07-15 12:42:42','Spent on 2 digit number  91'),(92,36,'Spend',10.00,'2024-07-15 12:43:33','Spent on 2 digit number  7'),(93,40,'Spend',200.00,'2024-07-24 13:17:31','Spent on 2 digit number  40'),(94,40,'Spend',200.00,'2024-07-24 13:17:31','Spent on 2 digit number  45'),(95,40,'Spend',200.00,'2024-07-24 13:17:31','Spent on 2 digit number  46'),(96,40,'Spend',200.00,'2024-07-24 13:17:31','Spent on 2 digit number  48'),(97,40,'Spend',200.00,'2024-07-24 13:17:31','Spent on 2 digit number  4'),(98,40,'Spend',200.00,'2024-07-24 13:17:31','Spent on 2 digit number  5'),(99,40,'Spend',200.00,'2024-07-24 13:17:31','Spent on 2 digit number  6'),(100,40,'Spend',200.00,'2024-07-24 13:17:31','Spent on 2 digit number  8'),(101,40,'Spend',200.00,'2024-07-24 13:17:31','Spent on 2 digit number  54'),(102,40,'Spend',200.00,'2024-07-24 13:17:32','Spent on 2 digit number  50'),(103,40,'Spend',200.00,'2024-07-24 13:17:32','Spent on 2 digit number  56'),(104,40,'Spend',200.00,'2024-07-24 13:17:32','Spent on 2 digit number  58'),(105,40,'Spend',200.00,'2024-07-24 13:17:32','Spent on 2 digit number  64'),(106,40,'Spend',200.00,'2024-07-24 13:17:32','Spent on 2 digit number  60'),(107,40,'Spend',200.00,'2024-07-24 13:17:32','Spent on 2 digit number  65'),(108,40,'Spend',200.00,'2024-07-24 13:17:32','Spent on 2 digit number  68'),(109,40,'Spend',200.00,'2024-07-24 13:17:32','Spent on 2 digit number  84'),(110,40,'Spend',200.00,'2024-07-24 13:17:32','Spent on 2 digit number  80'),(111,40,'Spend',200.00,'2024-07-24 13:17:32','Spent on 2 digit number  85'),(112,40,'Spend',200.00,'2024-07-24 13:17:32','Spent on 2 digit number  86'),(113,28,'Spend',15.00,'2024-07-28 13:17:44','Spent on 2 digit number  9'),(114,28,'Spend',10.00,'2024-07-28 13:17:51','Spent on 2 digit number  11'),(115,28,'Spend',10.00,'2024-07-28 13:18:15','Spent on 2 digit number  1'),(116,28,'Spend',10.00,'2024-07-28 13:18:34','Spent on 2 digit number  8'),(117,28,'Spend',10.00,'2024-07-28 13:19:06','Spent on 2 digit number  15'),(118,28,'Spend',5.00,'2024-07-28 13:19:20','Spent on 2 digit number  18'),(119,28,'Spend',5.00,'2024-07-28 13:19:31','Spent on 2 digit number  28'),(120,28,'Spend',5.00,'2024-07-28 13:19:38','Spent on 2 digit number  27'),(121,28,'Spend',5.00,'2024-07-28 13:19:44','Spent on 2 digit number  25'),(122,28,'Spend',5.00,'2024-07-28 13:20:07','Spent on 2 digit number  34'),(123,28,'Spend',5.00,'2024-07-28 13:20:12','Spent on 2 digit number  38'),(124,28,'Spend',10.00,'2024-07-28 13:20:20','Spent on 2 digit number  33'),(125,28,'Spend',10.00,'2024-07-28 13:20:32','Spent on 2 digit number  48'),(126,28,'Spend',5.00,'2024-07-28 13:20:43','Spent on 2 digit number  43'),(127,28,'Spend',5.00,'2024-07-28 13:20:53','Spent on 2 digit number  58'),(128,28,'Spend',5.00,'2024-07-28 13:21:03','Spent on 2 digit number  52'),(129,28,'Spend',10.00,'2024-07-28 13:21:39','Spent on 2 digit number  69'),(130,28,'Spend',5.00,'2024-07-28 13:21:46','Spent on 2 digit number  65'),(131,28,'Spend',5.00,'2024-07-28 13:21:54','Spent on 2 digit number  60'),(132,28,'Spend',10.00,'2024-07-28 13:22:05','Spent on 2 digit number  98'),(133,28,'Spend',5.00,'2024-07-28 13:22:48','Spent on 2 digit number  87'),(134,28,'Spend',5.00,'2024-07-28 13:22:55','Spent on 2 digit number  83'),(135,28,'Spend',10.00,'2024-07-28 13:23:06','Spent on 2 digit number  90'),(136,28,'Spend',5.00,'2024-07-28 13:23:11','Spent on 2 digit number  97'),(137,28,'Spend',5.00,'2024-07-28 13:23:18','Spent on 2 digit number  96'),(138,28,'Spend',5.00,'2024-07-28 13:23:34','Spent on 2 digit number  70'),(139,28,'Spend',5.00,'2024-07-28 13:23:47','Spent on 2 digit number  3'),(140,28,'Spend',5.00,'2024-07-28 13:23:54','Spent on 2 digit number  7'),(141,28,'Spend',10.00,'2024-07-28 13:24:04','Spent on 2 digit number  23'),(142,28,'Spend',5.00,'2024-07-28 13:24:49','Spent on 2 digit number  92'),(143,28,'Winner',420.00,'2024-07-28 14:05:34','Full Number Winner'),(144,40,'Spend',2000.00,'2024-07-29 11:52:55','Spent on first digit number  9'),(145,40,'Spend',200.00,'2024-07-29 11:53:08','Spent on 2 digit number  1'),(146,40,'Spend',300.00,'2024-07-29 11:53:59','Spent on 2 digit number  88'),(147,40,'Spend',300.00,'2024-07-29 11:54:15','Spent on 2 digit number  26'),(148,40,'Spend',100.00,'2024-07-29 11:54:25','Spent on 2 digit number  1'),(149,28,'Spend',10.00,'2024-07-29 13:09:26','Spent on 2 digit number  27'),(150,28,'Spend',30.00,'2024-07-29 13:09:38','Spent on 2 digit number  72'),(151,28,'Spend',10.00,'2024-07-29 13:09:45','Spent on 2 digit number  69'),(152,28,'Spend',10.00,'2024-07-29 13:09:56','Spent on 2 digit number  98'),(153,28,'Spend',10.00,'2024-07-29 13:10:04','Spent on 2 digit number  90'),(154,28,'Spend',5.00,'2024-07-29 13:10:12','Spent on 2 digit number  91'),(155,28,'Spend',5.00,'2024-07-29 13:10:19','Spent on 2 digit number  99'),(156,28,'Spend',10.00,'2024-07-29 13:10:41','Spent on 2 digit number  3'),(157,28,'Spend',5.00,'2024-07-29 13:10:46','Spent on 2 digit number  7'),(158,28,'Spend',5.00,'2024-07-29 13:10:50','Spent on 2 digit number  8'),(159,28,'Spend',5.00,'2024-07-29 13:10:58','Spent on 2 digit number  2'),(160,28,'Spend',10.00,'2024-07-29 13:11:12','Spent on 2 digit number  16'),(161,28,'Spend',5.00,'2024-07-29 13:11:20','Spent on 2 digit number  14'),(162,28,'Spend',5.00,'2024-07-29 13:11:28','Spent on 2 digit number  12'),(163,28,'Spend',5.00,'2024-07-29 13:11:38','Spent on 2 digit number  11'),(164,28,'Spend',5.00,'2024-07-29 13:11:46','Spent on 2 digit number  28'),(165,28,'Spend',5.00,'2024-07-29 13:11:53','Spent on 2 digit number  25'),(166,28,'Spend',5.00,'2024-07-29 13:12:02','Spent on 2 digit number  38'),(167,28,'Spend',5.00,'2024-07-29 13:12:08','Spent on 2 digit number  34'),(168,28,'Spend',5.00,'2024-07-29 13:12:12','Spent on 2 digit number  37'),(169,28,'Spend',5.00,'2024-07-29 13:12:20','Spent on 2 digit number  33'),(170,28,'Spend',5.00,'2024-07-29 13:12:28','Spent on 2 digit number  48'),(171,28,'Spend',5.00,'2024-07-29 13:12:38','Spent on 2 digit number  41'),(172,28,'Spend',5.00,'2024-07-29 13:12:45','Spent on 2 digit number  42'),(173,28,'Spend',5.00,'2024-07-29 13:12:52','Spent on 2 digit number  58'),(174,28,'Spend',5.00,'2024-07-29 13:12:56','Spent on 2 digit number  57'),(175,28,'Spend',5.00,'2024-07-29 13:13:04','Spent on 2 digit number  52'),(176,28,'Spend',5.00,'2024-07-29 13:13:10','Spent on 2 digit number  51'),(177,28,'Spend',5.00,'2024-07-29 13:13:16','Spent on 2 digit number  65'),(178,28,'Spend',5.00,'2024-07-29 13:13:23','Spent on 2 digit number  64'),(179,28,'Spend',5.00,'2024-07-29 13:13:30','Spent on 2 digit number  61'),(180,28,'Spend',5.00,'2024-07-29 13:13:53','Spent on 2 digit number  55'),(181,28,'Spend',5.00,'2024-07-29 13:13:59','Spent on 2 digit number  71'),(182,28,'Spend',5.00,'2024-07-29 13:14:04','Spent on 2 digit number  78'),(183,28,'Spend',5.00,'2024-07-29 13:14:09','Spent on 2 digit number  76'),(184,28,'Spend',5.00,'2024-07-29 13:14:16','Spent on 2 digit number  82'),(185,28,'Spend',5.00,'2024-07-29 13:14:25','Spent on 2 digit number  83'),(186,28,'Spend',5.00,'2024-07-29 13:14:36','Spent on 2 digit number  93'),(187,30,'Spend',200.00,'2024-07-29 13:24:44','Spent on 2 digit number  8'),(188,30,'Spend',150.00,'2024-07-29 13:28:27','Spent on 2 digit number  7'),(189,28,'Winner',420.00,'2024-07-29 13:58:25','Full Number Winner'),(190,30,'Winner',1125.00,'2024-07-29 13:58:36','First Digit Winner'),(191,40,'Spend',50.00,'2024-07-30 13:33:16','Spent on 2 digit number  0'),(192,40,'Spend',50.00,'2024-07-30 13:33:31','Spent on 2 digit number  30'),(193,40,'Spend',50.00,'2024-07-30 13:33:40','Spent on 2 digit number  88'),(194,40,'Spend',50.00,'2024-07-30 13:33:53','Spent on 2 digit number  99'),(195,40,'Spend',50.00,'2024-07-30 13:34:01','Spent on 2 digit number  90'),(196,40,'Spend',50.00,'2024-07-30 13:34:29','Spent on 2 digit number  45'),(197,40,'Spend',50.00,'2024-07-30 13:34:38','Spent on 2 digit number  46'),(198,40,'Spend',50.00,'2024-07-30 13:34:58','Spent on 2 digit number  77'),(199,40,'Spend',50.00,'2024-07-30 13:35:05','Spent on 2 digit number  18'),(200,40,'Spend',50.00,'2024-07-30 13:35:19','Spent on 2 digit number  81'),(201,40,'Spend',200.00,'2024-07-30 13:35:28','Spent on 2 digit number  97'),(202,28,'Spend',25.00,'2024-08-03 12:48:31','Spent on 2 digit number  16'),(203,28,'Spend',20.00,'2024-08-03 12:48:44','Spent on 2 digit number  94'),(204,28,'Spend',5.00,'2024-08-03 12:48:59','Spent on 2 digit number  11'),(205,28,'Spend',5.00,'2024-08-03 12:49:06','Spent on 2 digit number  23'),(206,28,'Spend',5.00,'2024-08-03 12:49:12','Spent on 2 digit number  44'),(207,40,'Spend',150.00,'2024-08-05 13:13:47','Spent on 2 digit number  22'),(208,40,'Spend',150.00,'2024-08-05 13:13:57','Spent on 2 digit number  33'),(209,40,'Spend',150.00,'2024-08-05 13:14:13','Spent on 2 digit number  39'),(210,40,'Spend',150.00,'2024-08-05 13:14:33','Spent on 2 digit number  17'),(211,40,'Spend',150.00,'2024-08-05 13:14:42','Spent on 2 digit number  74'),(212,40,'Spend',150.00,'2024-08-05 13:15:01','Spent on 2 digit number  40'),(213,40,'Spend',150.00,'2024-08-05 13:15:08','Spent on 2 digit number  26'),(214,40,'Spend',150.00,'2024-08-05 13:15:17','Spent on 2 digit number  4'),(215,40,'Spend',150.00,'2024-08-05 13:15:24','Spent on 2 digit number  0'),(216,40,'Spend',150.00,'2024-08-05 13:15:41','Spent on 2 digit number  7'),(217,40,'Spend',200.00,'2024-08-05 13:15:53','Spent on 2 digit number  35'),(218,40,'Spend',150.00,'2024-08-05 13:15:59','Spent on 2 digit number  32'),(219,40,'Spend',150.00,'2024-08-05 13:16:10','Spent on 2 digit number  52'),(220,40,'Spend',150.00,'2024-08-05 13:16:22','Spent on 2 digit number  46'),(221,40,'Spend',150.00,'2024-08-05 13:16:27','Spent on 2 digit number  47'),(222,40,'Spend',250.00,'2024-08-05 13:16:38','Spent on 2 digit number  88'),(223,40,'Spend',150.00,'2024-08-05 13:16:44','Spent on 2 digit number  89'),(224,40,'Spend',300.00,'2024-08-05 13:26:07','Spent on 2 digit number  30'),(225,40,'Spend',100.00,'2024-08-05 13:26:18','Spent on 2 digit number  3'),(226,30,'Spend',200.00,'2024-08-06 12:38:06','Spent on first digit number  7'),(227,30,'Spend',150.00,'2024-08-06 12:38:14','Spent on first digit number  8'),(228,32,'Spend',50.00,'2024-08-06 13:27:01','Spent on 2 digit number  61'),(229,32,'Spend',50.00,'2024-08-06 13:27:08','Spent on 2 digit number  63'),(230,32,'Spend',100.00,'2024-08-06 13:27:34','Spent on 2 digit number  86'),(231,32,'Spend',40.00,'2024-08-06 13:27:47','Spent on 2 digit number  83'),(232,32,'Spend',40.00,'2024-08-06 13:27:52','Spent on 2 digit number  81'),(233,32,'Spend',70.00,'2024-08-06 13:28:13','Spent on 2 digit number  33'),(234,40,'Spend',250.00,'2024-08-07 13:35:08','Spent on 2 digit number  04'),(235,40,'Spend',250.00,'2024-08-07 13:35:32','Spent on 2 digit number  05'),(236,40,'Spend',250.00,'2024-08-07 13:35:51','Spent on 2 digit number  44'),(237,40,'Spend',250.00,'2024-08-07 13:36:12','Spent on 2 digit number  40'),(238,40,'Spend',250.00,'2024-08-07 13:36:25','Spent on 2 digit number  50'),(239,40,'Spend',250.00,'2024-08-07 13:36:47','Spent on 2 digit number  36'),(240,40,'Spend',250.00,'2024-08-07 13:36:59','Spent on 2 digit number  23'),(241,40,'Spend',250.00,'2024-08-07 13:37:17','Spent on 2 digit number  63'),(242,28,'Spend',20.00,'2024-08-11 13:36:31','Spent on 2 digit number  14'),(243,28,'Spend',15.00,'2024-08-11 13:36:43','Spent on 2 digit number  42'),(244,28,'Spend',15.00,'2024-08-11 13:36:52','Spent on 2 digit number  48'),(245,28,'Spend',15.00,'2024-08-11 13:37:08','Spent on 2 digit number  41'),(246,28,'Spend',20.00,'2024-08-11 13:37:19','Spent on first digit number  7'),(247,28,'Spend',10.00,'2024-08-11 13:37:54','Spent on first digit number  4'),(248,28,'Spend',10.00,'2024-08-20 13:25:01','Spent on 2 digit number  74'),(249,28,'Spend',5.00,'2024-08-20 13:25:10','Spent on 2 digit number  78'),(250,28,'Spend',5.00,'2024-08-20 13:25:15','Spent on 2 digit number  79'),(251,28,'Spend',5.00,'2024-08-20 13:25:24','Spent on 2 digit number  71'),(252,28,'Spend',5.00,'2024-08-20 13:26:13','Spent on 2 digit number  44'),(253,28,'Spend',5.00,'2024-08-20 13:26:27','Spent on 2 digit number  48'),(254,28,'Spend',5.00,'2024-08-20 13:26:41','Spent on 2 digit number  36'),(255,28,'Spend',5.00,'2024-08-20 13:27:02','Spent on 2 digit number  2'),(256,28,'Spend',10.00,'2024-08-21 13:06:55','Spent on 2 digit number  2'),(257,28,'Spend',5.00,'2024-08-21 13:07:06','Spent on 2 digit number  2'),(258,28,'Spend',25.00,'2024-08-21 13:07:15','Spent on 2 digit number  6'),(259,28,'Spend',15.00,'2024-08-21 13:07:27','Spent on 2 digit number  4'),(260,28,'Spend',15.00,'2024-08-21 13:07:38','Spent on 2 digit number  19'),(261,28,'Spend',15.00,'2024-08-21 13:07:53','Spent on 2 digit number  11'),(262,28,'Spend',15.00,'2024-08-21 13:08:13','Spent on 2 digit number  28'),(263,28,'Spend',15.00,'2024-08-21 13:09:13','Spent on 2 digit number  61'),(264,28,'Spend',10.00,'2024-08-21 13:09:52','Spent on 2 digit number  66'),(265,28,'Spend',10.00,'2024-08-21 13:10:11','Spent on 2 digit number  77'),(266,28,'Spend',5.00,'2024-08-21 13:13:16','Spent on 2 digit number  71'),(267,28,'Spend',5.00,'2024-08-21 13:13:16','Spent on 2 digit number  79'),(268,28,'Spend',5.00,'2024-08-21 13:13:16','Spent on 2 digit number  75'),(269,28,'Spend',5.00,'2024-08-21 13:13:16','Spent on 2 digit number  17'),(270,28,'Spend',5.00,'2024-08-21 13:13:16','Spent on 2 digit number  19'),(271,28,'Spend',5.00,'2024-08-21 13:13:16','Spent on 2 digit number  15'),(272,28,'Spend',5.00,'2024-08-21 13:13:16','Spent on 2 digit number  97'),(273,28,'Spend',5.00,'2024-08-21 13:13:16','Spent on 2 digit number  91'),(274,28,'Spend',5.00,'2024-08-21 13:13:16','Spent on 2 digit number  95'),(275,28,'Spend',5.00,'2024-08-21 13:13:16','Spent on 2 digit number  57'),(276,28,'Spend',5.00,'2024-08-21 13:13:16','Spent on 2 digit number  51'),(277,28,'Spend',5.00,'2024-08-21 13:13:16','Spent on 2 digit number  59'),(278,28,'Spend',5.00,'2024-08-21 13:13:40','Spent on 2 digit number  31'),(279,36,'Spend',20.00,'2024-08-24 12:14:39','Spent on 2 digit number  63'),(280,36,'Spend',10.00,'2024-08-24 12:16:00','Spent on 2 digit number  10'),(281,36,'Spend',10.00,'2024-08-24 12:16:00','Spent on 2 digit number  15'),(282,36,'Spend',10.00,'2024-08-24 12:16:00','Spent on 2 digit number  36'),(283,36,'Spend',10.00,'2024-08-24 12:16:00','Spent on 2 digit number  34'),(284,40,'Spend',100.00,'2024-08-29 13:19:31','Spent on 2 digit number  3'),(285,40,'Spend',100.00,'2024-08-29 13:19:43','Spent on 2 digit number  18'),(286,40,'Spend',100.00,'2024-08-29 13:19:50','Spent on 2 digit number  28'),(287,40,'Spend',100.00,'2024-08-29 13:20:03','Spent on 2 digit number  36'),(288,40,'Spend',150.00,'2024-08-29 13:20:12','Spent on 2 digit number  49'),(289,40,'Spend',150.00,'2024-08-29 13:20:22','Spent on 2 digit number  94'),(290,40,'Spend',100.00,'2024-08-29 13:20:44','Spent on 2 digit number  55'),(291,40,'Spend',100.00,'2024-08-29 13:20:56','Spent on 2 digit number  64'),(292,40,'Spend',100.00,'2024-08-29 13:21:04','Spent on 2 digit number  74'),(293,40,'Spend',90.00,'2024-08-29 13:21:46','Spent on 2 digit number  89'),(294,40,'Spend',30.00,'2024-08-29 13:21:58','Spent on 2 digit number  56'),(295,40,'Spend',30.00,'2024-08-29 13:22:07','Spent on 2 digit number  1'),(296,40,'Winner',8400.00,'2024-08-29 13:59:09','Full Number Winner'),(297,36,'Spend',20.00,'2024-09-01 11:55:17','Spent on 2 digit number  78'),(298,36,'Spend',5.00,'2024-09-01 12:00:40','Spent on 2 digit number  23'),(299,36,'Spend',5.00,'2024-09-01 12:00:40','Spent on 2 digit number  94'),(300,28,'Spend',5.00,'2024-09-01 13:34:11','Spent on 2 digit number  71'),(301,28,'Spend',5.00,'2024-09-01 13:34:11','Spent on 2 digit number  70'),(302,28,'Spend',5.00,'2024-09-01 13:34:11','Spent on 2 digit number  74'),(303,28,'Spend',5.00,'2024-09-01 13:34:11','Spent on 2 digit number  73'),(304,28,'Spend',5.00,'2024-09-01 13:34:11','Spent on 2 digit number  17'),(305,28,'Spend',5.00,'2024-09-01 13:34:11','Spent on 2 digit number  10'),(306,28,'Spend',5.00,'2024-09-01 13:34:11','Spent on 2 digit number  14'),(307,28,'Spend',5.00,'2024-09-01 13:34:11','Spent on 2 digit number  13'),(308,28,'Spend',5.00,'2024-09-01 13:34:11','Spent on 2 digit number  7'),(309,28,'Spend',5.00,'2024-09-01 13:34:11','Spent on 2 digit number  1'),(310,28,'Spend',5.00,'2024-09-01 13:34:11','Spent on 2 digit number  4'),(311,28,'Spend',5.00,'2024-09-01 13:34:11','Spent on 2 digit number  3'),(312,28,'Spend',5.00,'2024-09-01 13:34:11','Spent on 2 digit number  47'),(313,28,'Spend',5.00,'2024-09-01 13:34:11','Spent on 2 digit number  41'),(314,28,'Spend',5.00,'2024-09-01 13:34:11','Spent on 2 digit number  40'),(315,28,'Spend',5.00,'2024-09-01 13:34:11','Spent on 2 digit number  43'),(316,28,'Spend',5.00,'2024-09-01 13:34:11','Spent on 2 digit number  37'),(317,28,'Spend',5.00,'2024-09-01 13:34:11','Spent on 2 digit number  31'),(318,28,'Spend',5.00,'2024-09-01 13:34:11','Spent on 2 digit number  30'),(319,28,'Spend',5.00,'2024-09-01 13:34:11','Spent on 2 digit number  34'),(320,28,'Spend',20.00,'2024-09-01 13:34:34','Spent on 2 digit number  98'),(321,28,'Spend',20.00,'2024-09-01 13:34:42','Spent on 2 digit number  89'),(322,28,'Spend',20.00,'2024-09-01 13:34:54','Spent on 2 digit number  4'),(323,28,'Spend',20.00,'2024-09-01 13:35:04','Spent on 2 digit number  36'),(324,28,'Spend',20.00,'2024-09-01 13:35:14','Spent on 2 digit number  31'),(325,36,'Spend',10.00,'2024-09-02 12:08:43','Spent on 2 digit number  6'),(326,36,'Spend',10.00,'2024-09-02 12:08:43','Spent on 2 digit number  60'),(327,36,'Spend',10.00,'2024-09-02 12:08:43','Spent on 2 digit number  73'),(328,36,'Spend',10.00,'2024-09-02 12:08:43','Spent on 2 digit number  83'),(329,36,'Spend',50.00,'2024-09-02 12:11:05','Spent on 2 digit number  85'),(330,36,'Spend',20.00,'2024-09-02 12:14:19','Spent on 2 digit number  62'),(331,36,'Spend',20.00,'2024-09-02 12:19:10','Spent on 2 digit number  98'),(332,28,'Spend',10.00,'2024-09-03 13:27:18','Spent on 2 digit number  4'),(333,28,'Spend',5.00,'2024-09-03 13:27:22','Spent on 2 digit number  4'),(334,28,'Spend',15.00,'2024-09-03 13:27:31','Spent on 2 digit number  9'),(335,28,'Spend',15.00,'2024-09-03 13:27:38','Spent on 2 digit number  11'),(336,28,'Spend',5.00,'2024-09-03 13:27:50','Spent on 2 digit number  3'),(337,28,'Spend',15.00,'2024-09-03 13:27:56','Spent on 2 digit number  14'),(338,28,'Spend',10.00,'2024-09-03 13:28:04','Spent on 2 digit number  18'),(339,28,'Spend',5.00,'2024-09-03 13:28:10','Spent on 2 digit number  19'),(340,28,'Spend',5.00,'2024-09-03 13:28:17','Spent on 2 digit number  16'),(341,28,'Spend',5.00,'2024-09-03 13:28:25','Spent on 2 digit number  25'),(342,28,'Spend',5.00,'2024-09-03 13:28:38','Spent on 2 digit number  24'),(343,28,'Spend',5.00,'2024-09-03 13:28:47','Spent on 2 digit number  36'),(344,28,'Spend',10.00,'2024-09-03 13:28:53','Spent on 2 digit number  41'),(345,28,'Spend',10.00,'2024-09-03 13:28:59','Spent on 2 digit number  43'),(346,28,'Spend',5.00,'2024-09-03 13:29:06','Spent on 2 digit number  44'),(347,28,'Spend',5.00,'2024-09-03 13:29:19','Spent on 2 digit number  37'),(348,28,'Spend',5.00,'2024-09-03 13:29:24','Spent on 2 digit number  34'),(349,28,'Spend',10.00,'2024-09-03 13:29:30','Spent on 2 digit number  31'),(350,28,'Spend',5.00,'2024-09-03 13:29:42','Spent on 2 digit number  98'),(351,28,'Spend',5.00,'2024-09-03 13:29:49','Spent on 2 digit number  90'),(352,28,'Spend',5.00,'2024-09-03 13:29:56','Spent on 2 digit number  96'),(353,28,'Spend',5.00,'2024-09-03 13:30:05','Spent on 2 digit number  85'),(354,28,'Spend',5.00,'2024-09-03 13:30:14','Spent on 2 digit number  71'),(355,28,'Spend',5.00,'2024-09-03 13:30:21','Spent on 2 digit number  83'),(356,28,'Spend',5.00,'2024-09-03 13:30:26','Spent on 2 digit number  82'),(357,28,'Spend',5.00,'2024-09-03 13:30:32','Spent on 2 digit number  92'),(358,28,'Spend',5.00,'2024-09-03 13:30:41','Spent on 2 digit number  78'),(359,28,'Spend',5.00,'2024-09-03 13:30:53','Spent on 2 digit number  72'),(360,28,'Spend',5.00,'2024-09-03 13:30:59','Spent on 2 digit number  79'),(361,28,'Spend',5.00,'2024-09-03 13:31:21','Spent on 2 digit number  58'),(362,28,'Spend',5.00,'2024-09-03 13:31:30','Spent on 2 digit number  52'),(363,28,'Spend',5.00,'2024-09-03 13:31:38','Spent on 2 digit number  67'),(364,28,'Winner',420.00,'2024-09-03 13:59:50','Full Number Winner'),(365,36,'Spend',20.00,'2024-09-04 12:46:43','Spent on 2 digit number  37'),(366,36,'Spend',20.00,'2024-09-04 12:46:43','Spent on 2 digit number  73'),(367,36,'Spend',20.00,'2024-09-04 12:46:43','Spent on 2 digit number  10'),(368,36,'Spend',20.00,'2024-09-04 12:46:43','Spent on 2 digit number  1'),(369,36,'Spend',10.00,'2024-09-04 12:47:25','Spent on 2 digit number  87'),(370,36,'Spend',10.00,'2024-09-04 12:47:25','Spent on 2 digit number  77'),(371,36,'Spend',10.00,'2024-09-04 12:47:25','Spent on 2 digit number  83'),(372,36,'Spend',10.00,'2024-09-04 12:47:25','Spent on 2 digit number  70'),(373,36,'Spend',10.00,'2024-09-04 12:47:25','Spent on 2 digit number  7'),(374,36,'Spend',30.00,'2024-09-04 13:02:49','Spent on 2 digit number  28'),(375,36,'Spend',10.00,'2024-09-04 13:03:40','Spent on 2 digit number  82'),(376,36,'Spend',10.00,'2024-09-04 13:05:51','Spent on 2 digit number  73'),(377,36,'Spend',10.00,'2024-09-04 13:05:51','Spent on 2 digit number  37'),(378,28,'Spend',5.00,'2024-09-04 13:10:57','Spent on 2 digit number  40'),(379,28,'Spend',5.00,'2024-09-04 13:10:57','Spent on 2 digit number  46'),(380,28,'Spend',5.00,'2024-09-04 13:10:57','Spent on 2 digit number  41'),(381,28,'Spend',5.00,'2024-09-04 13:10:57','Spent on 2 digit number  43'),(382,28,'Spend',5.00,'2024-09-04 13:10:57','Spent on 2 digit number  4'),(383,28,'Spend',5.00,'2024-09-04 13:10:57','Spent on 2 digit number  6'),(384,28,'Spend',5.00,'2024-09-04 13:10:57','Spent on 2 digit number  1'),(385,28,'Spend',5.00,'2024-09-04 13:10:57','Spent on 2 digit number  3'),(386,28,'Spend',5.00,'2024-09-04 13:10:57','Spent on 2 digit number  64'),(387,28,'Spend',5.00,'2024-09-04 13:10:57','Spent on 2 digit number  60'),(388,28,'Spend',5.00,'2024-09-04 13:10:57','Spent on 2 digit number  61'),(389,28,'Spend',5.00,'2024-09-04 13:10:57','Spent on 2 digit number  63'),(390,28,'Spend',5.00,'2024-09-04 13:10:57','Spent on 2 digit number  14'),(391,28,'Spend',5.00,'2024-09-04 13:10:57','Spent on 2 digit number  10'),(392,28,'Spend',5.00,'2024-09-04 13:10:57','Spent on 2 digit number  16'),(393,28,'Spend',5.00,'2024-09-04 13:10:57','Spent on 2 digit number  13'),(394,28,'Spend',5.00,'2024-09-04 13:10:57','Spent on 2 digit number  34'),(395,28,'Spend',5.00,'2024-09-04 13:10:57','Spent on 2 digit number  30'),(396,28,'Spend',5.00,'2024-09-04 13:10:57','Spent on 2 digit number  36'),(397,28,'Spend',5.00,'2024-09-04 13:10:57','Spent on 2 digit number  31'),(398,28,'Spend',20.00,'2024-09-04 13:11:14','Spent on 2 digit number  72'),(399,28,'Spend',75.00,'2024-09-04 13:12:45','Spent on 2 digit number  68'),(400,28,'Spend',10.00,'2024-09-04 13:13:00','Spent on 2 digit number  31'),(401,28,'Spend',10.00,'2024-09-04 13:13:07','Spent on 2 digit number  41'),(402,28,'Spend',10.00,'2024-09-04 13:14:30','Spent on 2 digit number  92'),(403,28,'Spend',15.00,'2024-09-05 13:08:48','Spent on 2 digit number  31'),(404,28,'Spend',15.00,'2024-09-05 13:09:13','Spent on 2 digit number  18'),(405,28,'Spend',5.00,'2024-09-05 13:09:26','Spent on 2 digit number  4'),(406,28,'Spend',10.00,'2024-09-05 13:09:45','Spent on 2 digit number  52'),(407,28,'Spend',10.00,'2024-09-05 13:09:55','Spent on 2 digit number  53'),(408,28,'Spend',10.00,'2024-09-05 13:10:05','Spent on 2 digit number  71'),(409,28,'Spend',10.00,'2024-09-05 13:10:17','Spent on 2 digit number  77'),(410,28,'Spend',5.00,'2024-09-05 13:10:28','Spent on 2 digit number  79'),(411,28,'Spend',5.00,'2024-09-05 13:10:35','Spent on 2 digit number  75'),(412,28,'Spend',5.00,'2024-09-05 13:10:57','Spent on 2 digit number  98'),(413,28,'Spend',5.00,'2024-09-05 13:11:04','Spent on 2 digit number  92'),(414,28,'Spend',5.00,'2024-09-05 13:11:11','Spent on 2 digit number  99'),(415,28,'Spend',5.00,'2024-09-05 13:11:21','Spent on 2 digit number  96'),(416,28,'Spend',5.00,'2024-09-05 13:11:29','Spent on 2 digit number  86'),(417,28,'Spend',5.00,'2024-09-05 13:11:50','Spent on 2 digit number  89'),(418,28,'Spend',5.00,'2024-09-05 13:11:58','Spent on 2 digit number  83'),(419,28,'Spend',5.00,'2024-09-05 13:12:17','Spent on 2 digit number  80'),(420,28,'Spend',5.00,'2024-09-05 13:12:32','Spent on 2 digit number  60'),(421,28,'Spend',5.00,'2024-09-05 13:12:38','Spent on 2 digit number  62'),(422,28,'Spend',5.00,'2024-09-05 13:12:44','Spent on 2 digit number  67'),(423,28,'Spend',5.00,'2024-09-05 13:12:53','Spent on 2 digit number  61'),(424,28,'Spend',10.00,'2024-09-05 13:12:59','Spent on 2 digit number  66'),(425,28,'Spend',5.00,'2024-09-05 13:13:15','Spent on 2 digit number  58'),(426,28,'Spend',5.00,'2024-09-05 13:13:21','Spent on 2 digit number  59'),(427,28,'Spend',5.00,'2024-09-05 13:13:32','Spent on 2 digit number  51'),(428,28,'Spend',5.00,'2024-09-05 13:13:38','Spent on 2 digit number  54'),(429,28,'Spend',5.00,'2024-09-05 13:13:48','Spent on 2 digit number  48'),(430,28,'Spend',5.00,'2024-09-05 13:13:54','Spent on 2 digit number  47'),(431,28,'Spend',10.00,'2024-09-05 13:14:04','Spent on 2 digit number  41'),(432,28,'Spend',5.00,'2024-09-05 13:14:10','Spent on 2 digit number  45'),(433,28,'Spend',5.00,'2024-09-05 13:14:18','Spent on 2 digit number  43'),(434,28,'Spend',5.00,'2024-09-05 13:14:32','Spent on 2 digit number  0'),(435,28,'Spend',5.00,'2024-09-05 13:14:40','Spent on 2 digit number  3'),(436,28,'Spend',5.00,'2024-09-05 13:14:46','Spent on 2 digit number  9'),(437,28,'Spend',5.00,'2024-09-05 13:14:54','Spent on 2 digit number  11'),(438,28,'Spend',5.00,'2024-09-05 13:15:04','Spent on 2 digit number  16'),(439,28,'Spend',5.00,'2024-09-05 13:15:22','Spent on 2 digit number  38'),(440,28,'Spend',5.00,'2024-09-05 13:15:30','Spent on 2 digit number  37'),(441,28,'Spend',5.00,'2024-09-05 13:15:37','Spent on 2 digit number  34'),(442,28,'Spend',5.00,'2024-09-05 13:15:42','Spent on 2 digit number  35'),(443,28,'Spend',5.00,'2024-09-05 13:15:48','Spent on 2 digit number  33'),(444,28,'Spend',5.00,'2024-09-05 13:15:55','Spent on 2 digit number  28'),(445,28,'Spend',5.00,'2024-09-05 13:16:03','Spent on 2 digit number  20'),(446,28,'Spend',5.00,'2024-09-05 13:16:25','Spent on 2 digit number  26'),(447,28,'Spend',5.00,'2024-09-05 13:16:32','Spent on 2 digit number  21'),(448,28,'Spend',5.00,'2024-09-05 13:16:39','Spent on 2 digit number  27'),(449,28,'Spend',5.00,'2024-09-05 13:16:44','Spent on 2 digit number  30'),(450,28,'Spend',5.00,'2024-09-05 13:17:30','Spent on 2 digit number  22'),(451,28,'Spend',5.00,'2024-09-05 13:17:41','Spent on 2 digit number  55'),(452,28,'Spend',15.00,'2024-09-06 13:21:06','Spent on 2 digit number  52'),(453,28,'Spend',15.00,'2024-09-06 13:21:12','Spent on 2 digit number  50'),(454,28,'Spend',5.00,'2024-09-06 13:21:19','Spent on 2 digit number  57'),(455,28,'Spend',5.00,'2024-09-06 13:21:30','Spent on 2 digit number  53'),(456,28,'Spend',10.00,'2024-09-06 13:21:37','Spent on 2 digit number  5'),(457,28,'Spend',5.00,'2024-09-06 13:21:43','Spent on 2 digit number  4'),(458,36,'Spend',20.00,'2024-09-09 12:27:21','Spent on 2 digit number  69'),(459,36,'Spend',20.00,'2024-09-09 12:27:21','Spent on 2 digit number  17'),(460,36,'Spend',10.00,'2024-09-09 12:28:53','Spent on 2 digit number  32'),(461,36,'Spend',10.00,'2024-09-09 12:28:53','Spent on 2 digit number  23'),(462,36,'Spend',10.00,'2024-09-09 12:28:53','Spent on 2 digit number  78'),(463,36,'Spend',10.00,'2024-09-09 12:28:53','Spent on 2 digit number  73'),(464,36,'Spend',20.00,'2024-09-09 12:30:44','Spent on 2 digit number  29'),(465,40,'Spend',50.00,'2024-09-16 12:14:19','Spent on 2 digit number  97'),(466,40,'Spend',100.00,'2024-09-16 12:14:29','Spent on 2 digit number  79'),(467,40,'Spend',500.00,'2024-09-16 12:14:47','Spent on 2 digit number  23'),(468,40,'Spend',350.00,'2024-09-16 12:15:23','Spent on 2 digit number  86'),(469,40,'Spend',250.00,'2024-09-16 13:24:21','Spent on 2 digit number  79'),(470,40,'Spend',100.00,'2024-09-16 13:24:30','Spent on 2 digit number  73'),(471,40,'Spend',50.00,'2024-09-16 13:24:39','Spent on 2 digit number  62'),(472,40,'Spend',50.00,'2024-09-16 13:24:47','Spent on 2 digit number  53'),(473,40,'Winner',29400.00,'2024-09-16 13:59:28','Full Number Winner'),(474,36,'Spend',100.00,'2024-09-21 13:10:41','Spent on 2 digit number  72'),(475,36,'Spend',20.00,'2024-09-21 13:12:04','Spent on 2 digit number  27'),(476,40,'Spend',100.00,'2024-09-22 13:05:54','Spent on 2 digit number  35'),(477,40,'Spend',100.00,'2024-09-22 13:06:14','Spent on 2 digit number  32'),(478,40,'Spend',100.00,'2024-09-22 13:07:02','Spent on 2 digit number  53'),(479,40,'Spend',100.00,'2024-09-22 13:07:16','Spent on 2 digit number  40'),(480,36,'Spend',30.00,'2024-09-22 13:07:25','Spent on 2 digit number  24'),(481,40,'Spend',100.00,'2024-09-22 13:07:54','Spent on 2 digit number  52'),(482,36,'Spend',10.00,'2024-09-22 13:08:02','Spent on 2 digit number  79'),(483,40,'Spend',100.00,'2024-09-22 13:08:16','Spent on 2 digit number  91'),(484,40,'Spend',100.00,'2024-09-22 13:08:42','Spent on 2 digit number  19'),(485,40,'Spend',100.00,'2024-09-22 13:09:59','Spent on 2 digit number  97'),(486,37,'Spend',50.00,'2024-09-26 12:54:37','Spent on 2 digit number  64'),(487,37,'Spend',30.00,'2024-09-26 13:00:22','Spent on 2 digit number  54'),(488,37,'Spend',50.00,'2024-09-26 13:00:50','Spent on 2 digit number  93'),(489,37,'Spend',10.00,'2024-09-26 13:02:48','Spent on 2 digit number  35'),(490,37,'Spend',10.00,'2024-09-26 13:02:48','Spent on 2 digit number  38'),(491,37,'Spend',10.00,'2024-09-26 13:02:48','Spent on 2 digit number  31'),(492,37,'Spend',10.00,'2024-09-26 13:02:48','Spent on 2 digit number  36'),(493,37,'Spend',10.00,'2024-09-26 13:02:48','Spent on 2 digit number  53'),(494,37,'Spend',10.00,'2024-09-26 13:02:48','Spent on 2 digit number  58'),(495,37,'Spend',10.00,'2024-09-26 13:02:48','Spent on 2 digit number  51'),(496,37,'Spend',10.00,'2024-09-26 13:02:48','Spent on 2 digit number  56'),(497,37,'Spend',10.00,'2024-09-26 13:02:48','Spent on 2 digit number  83'),(498,37,'Spend',10.00,'2024-09-26 13:02:48','Spent on 2 digit number  85'),(499,37,'Spend',10.00,'2024-09-26 13:02:48','Spent on 2 digit number  81'),(500,37,'Spend',10.00,'2024-09-26 13:02:48','Spent on 2 digit number  86'),(501,37,'Spend',10.00,'2024-09-26 13:02:48','Spent on 2 digit number  13'),(502,37,'Spend',10.00,'2024-09-26 13:02:48','Spent on 2 digit number  15'),(503,37,'Spend',10.00,'2024-09-26 13:02:48','Spent on 2 digit number  18'),(504,37,'Spend',10.00,'2024-09-26 13:02:48','Spent on 2 digit number  16'),(505,37,'Spend',10.00,'2024-09-26 13:02:48','Spent on 2 digit number  63'),(506,37,'Spend',10.00,'2024-09-26 13:02:48','Spent on 2 digit number  65'),(507,37,'Spend',10.00,'2024-09-26 13:02:48','Spent on 2 digit number  68'),(508,37,'Spend',10.00,'2024-09-26 13:02:48','Spent on 2 digit number  61'),(509,37,'Spend',100.00,'2024-09-26 13:08:26','Spent on 2 digit number  93'),(510,37,'Winner',840.00,'2024-09-26 13:57:44','Full Number Winner'),(511,37,'Spend',300.00,'2024-09-27 13:04:16','Spent on 2 digit number  54'),(512,37,'Spend',10.00,'2024-09-27 13:05:09','Spent on 2 digit number  64'),(513,37,'Spend',10.00,'2024-09-27 13:05:09','Spent on 2 digit number  67'),(514,37,'Spend',10.00,'2024-09-27 13:05:09','Spent on 2 digit number  62'),(515,37,'Spend',10.00,'2024-09-27 13:05:09','Spent on 2 digit number  61'),(516,37,'Spend',10.00,'2024-09-27 13:05:09','Spent on 2 digit number  46'),(517,37,'Spend',10.00,'2024-09-27 13:05:09','Spent on 2 digit number  47'),(518,37,'Spend',10.00,'2024-09-27 13:05:09','Spent on 2 digit number  42'),(519,37,'Spend',10.00,'2024-09-27 13:05:09','Spent on 2 digit number  41'),(520,37,'Spend',10.00,'2024-09-27 13:05:09','Spent on 2 digit number  76'),(521,37,'Spend',10.00,'2024-09-27 13:05:09','Spent on 2 digit number  74'),(522,37,'Spend',10.00,'2024-09-27 13:05:09','Spent on 2 digit number  72'),(523,37,'Spend',10.00,'2024-09-27 13:05:09','Spent on 2 digit number  71'),(524,37,'Spend',10.00,'2024-09-27 13:05:09','Spent on 2 digit number  26'),(525,37,'Spend',10.00,'2024-09-27 13:05:09','Spent on 2 digit number  24'),(526,37,'Spend',10.00,'2024-09-27 13:05:09','Spent on 2 digit number  27'),(527,37,'Spend',10.00,'2024-09-27 13:05:09','Spent on 2 digit number  21'),(528,37,'Spend',10.00,'2024-09-27 13:05:09','Spent on 2 digit number  16'),(529,37,'Spend',10.00,'2024-09-27 13:05:09','Spent on 2 digit number  14'),(530,37,'Spend',10.00,'2024-09-27 13:05:09','Spent on 2 digit number  17'),(531,37,'Spend',10.00,'2024-09-27 13:05:09','Spent on 2 digit number  12'),(532,28,'Spend',10.00,'2024-09-30 12:00:36','Spent on 2 digit number  4'),(533,28,'Spend',5.00,'2024-09-30 12:00:44','Spent on 2 digit number  6'),(534,28,'Spend',5.00,'2024-09-30 12:00:50','Spent on 2 digit number  5'),(535,28,'Spend',5.00,'2024-09-30 12:01:05','Spent on 2 digit number  25'),(536,28,'Spend',5.00,'2024-09-30 12:01:21','Spent on 2 digit number  27'),(537,28,'Spend',5.00,'2024-09-30 12:01:34','Spent on 2 digit number  18'),(538,28,'Spend',5.00,'2024-09-30 12:01:43','Spent on 2 digit number  15'),(539,28,'Spend',5.00,'2024-09-30 12:01:51','Spent on 2 digit number  33'),(540,28,'Spend',5.00,'2024-09-30 12:01:58','Spent on 2 digit number  31'),(541,28,'Spend',5.00,'2024-09-30 12:02:10','Spent on 2 digit number  48'),(542,28,'Spend',5.00,'2024-09-30 12:02:25','Spent on 2 digit number  58'),(543,28,'Spend',5.00,'2024-09-30 12:02:39','Spent on 2 digit number  63'),(544,28,'Spend',5.00,'2024-09-30 12:03:05','Spent on 2 digit number  93'),(545,32,'Spend',10.00,'2024-10-01 13:04:57','Spent on 2 digit number  9'),(546,32,'Spend',10.00,'2024-10-01 13:04:57','Spent on 2 digit number  2'),(547,32,'Spend',10.00,'2024-10-01 13:04:57','Spent on 2 digit number  1'),(548,32,'Spend',10.00,'2024-10-01 13:04:57','Spent on 2 digit number  6'),(549,32,'Spend',10.00,'2024-10-01 13:04:57','Spent on 2 digit number  90'),(550,32,'Spend',10.00,'2024-10-01 13:04:57','Spent on 2 digit number  92'),(551,32,'Spend',10.00,'2024-10-01 13:04:57','Spent on 2 digit number  91'),(552,32,'Spend',10.00,'2024-10-01 13:04:57','Spent on 2 digit number  96'),(553,32,'Spend',10.00,'2024-10-01 13:04:57','Spent on 2 digit number  20'),(554,32,'Spend',10.00,'2024-10-01 13:04:57','Spent on 2 digit number  29'),(555,32,'Spend',10.00,'2024-10-01 13:04:57','Spent on 2 digit number  21'),(556,32,'Spend',10.00,'2024-10-01 13:04:57','Spent on 2 digit number  26'),(557,32,'Spend',10.00,'2024-10-01 13:04:57','Spent on 2 digit number  10'),(558,32,'Spend',10.00,'2024-10-01 13:04:57','Spent on 2 digit number  19'),(559,32,'Spend',10.00,'2024-10-01 13:04:57','Spent on 2 digit number  12'),(560,32,'Spend',10.00,'2024-10-01 13:04:57','Spent on 2 digit number  16'),(561,32,'Spend',10.00,'2024-10-01 13:04:57','Spent on 2 digit number  60'),(562,32,'Spend',10.00,'2024-10-01 13:04:57','Spent on 2 digit number  69'),(563,32,'Spend',10.00,'2024-10-01 13:04:57','Spent on 2 digit number  62'),(564,32,'Spend',10.00,'2024-10-01 13:04:57','Spent on 2 digit number  61'),(565,32,'Spend',25.00,'2024-10-01 13:17:41','Spent on 2 digit number  33'),(566,32,'Spend',25.00,'2024-10-01 13:17:52','Spent on 2 digit number  35'),(567,32,'Spend',20.00,'2024-10-01 13:34:00','Spent on 2 digit number  67'),(568,32,'Spend',20.00,'2024-10-01 13:34:09','Spent on 2 digit number  68'),(569,32,'Spend',20.00,'2024-10-01 13:34:19','Spent on 2 digit number  76'),(570,32,'Spend',20.00,'2024-10-01 13:34:26','Spent on 2 digit number  78'),(571,32,'Spend',20.00,'2024-10-01 13:34:35','Spent on 2 digit number  86'),(572,32,'Spend',20.00,'2024-10-01 13:34:44','Spent on 2 digit number  87'),(573,32,'Spend',15.00,'2024-10-01 13:35:19','Spent on 2 digit number  49'),(574,32,'Spend',15.00,'2024-10-01 13:35:35','Spent on 2 digit number  22'),(575,36,'Spend',25.00,'2024-10-03 13:19:34','Spent on 2 digit number  76'),(576,36,'Spend',25.00,'2024-10-03 13:19:34','Spent on 2 digit number  70'),(577,36,'Spend',25.00,'2024-10-03 13:19:34','Spent on 2 digit number  7'),(578,36,'Spend',25.00,'2024-10-03 13:19:34','Spent on 2 digit number  62'),(579,36,'Spend',25.00,'2024-10-03 13:19:34','Spent on 2 digit number  6'),(580,36,'Spend',25.00,'2024-10-03 13:22:06','Spent on 2 digit number  76'),(581,36,'Spend',25.00,'2024-10-03 13:22:06','Spent on 2 digit number  70'),(582,36,'Spend',25.00,'2024-10-03 13:22:06','Spent on 2 digit number  7'),(583,36,'Spend',25.00,'2024-10-03 13:22:06','Spent on 2 digit number  62'),(584,36,'Spend',25.00,'2024-10-03 13:22:06','Spent on 2 digit number  6'),(585,36,'Spend',15.00,'2024-10-03 13:27:16','Spent on 2 digit number  16'),(586,36,'Spend',15.00,'2024-10-03 13:27:16','Spent on 2 digit number  60'),(587,36,'Spend',15.00,'2024-10-03 13:27:16','Spent on 2 digit number  1'),(588,36,'Spend',15.00,'2024-10-03 13:27:16','Spent on 2 digit number  21'),(589,36,'Spend',15.00,'2024-10-03 13:27:16','Spent on 2 digit number  20'),(590,36,'Spend',15.00,'2024-10-03 13:27:16','Spent on 2 digit number  67'),(591,36,'Spend',15.00,'2024-10-03 13:27:16','Spent on 2 digit number  16'),(592,36,'Spend',15.00,'2024-10-03 13:27:16','Spent on 2 digit number  60'),(593,36,'Spend',15.00,'2024-10-03 13:27:16','Spent on 2 digit number  1'),(594,36,'Spend',15.00,'2024-10-03 13:27:16','Spent on 2 digit number  21'),(595,36,'Spend',15.00,'2024-10-03 13:27:16','Spent on 2 digit number  20'),(596,36,'Spend',15.00,'2024-10-03 13:27:16','Spent on 2 digit number  67'),(597,28,'Spend',5.00,'2024-10-05 13:21:19','Spent on 2 digit number  91'),(598,28,'Spend',5.00,'2024-10-05 13:21:19','Spent on 2 digit number  94'),(599,28,'Spend',5.00,'2024-10-05 13:21:19','Spent on 2 digit number  93'),(600,28,'Spend',5.00,'2024-10-05 13:21:19','Spent on 2 digit number  97'),(601,28,'Spend',5.00,'2024-10-05 13:21:19','Spent on 2 digit number  19'),(602,28,'Spend',5.00,'2024-10-05 13:21:19','Spent on 2 digit number  14'),(603,28,'Spend',5.00,'2024-10-05 13:21:19','Spent on 2 digit number  13'),(604,28,'Spend',5.00,'2024-10-05 13:21:19','Spent on 2 digit number  17'),(605,28,'Spend',5.00,'2024-10-05 13:21:19','Spent on 2 digit number  49'),(606,28,'Spend',5.00,'2024-10-05 13:21:19','Spent on 2 digit number  41'),(607,28,'Spend',5.00,'2024-10-05 13:21:19','Spent on 2 digit number  43'),(608,28,'Spend',5.00,'2024-10-05 13:21:19','Spent on 2 digit number  47'),(609,28,'Spend',5.00,'2024-10-05 13:21:19','Spent on 2 digit number  39'),(610,28,'Spend',5.00,'2024-10-05 13:21:19','Spent on 2 digit number  31'),(611,28,'Spend',5.00,'2024-10-05 13:21:19','Spent on 2 digit number  34'),(612,28,'Spend',5.00,'2024-10-05 13:21:19','Spent on 2 digit number  37'),(613,28,'Spend',5.00,'2024-10-05 13:21:19','Spent on 2 digit number  79'),(614,28,'Spend',5.00,'2024-10-05 13:21:19','Spent on 2 digit number  71'),(615,28,'Spend',5.00,'2024-10-05 13:21:19','Spent on 2 digit number  74'),(616,28,'Spend',5.00,'2024-10-05 13:21:19','Spent on 2 digit number  73'),(617,28,'Spend',35.00,'2024-10-05 13:21:47','Spent on 2 digit number  67'),(618,28,'Spend',10.00,'2024-10-05 13:22:02','Spent on 2 digit number  70'),(619,28,'Spend',25.00,'2024-10-05 13:22:24','Spent on 2 digit number  30'),(620,28,'Spend',10.00,'2024-10-05 13:22:41','Spent on 2 digit number  6'),(621,28,'Spend',10.00,'2024-10-05 13:22:47','Spent on 2 digit number  7'),(622,28,'Spend',5.00,'2024-10-05 13:22:54','Spent on 2 digit number  5'),(623,28,'Spend',5.00,'2024-10-05 13:23:00','Spent on 2 digit number  0'),(624,28,'Spend',5.00,'2024-10-05 13:23:08','Spent on 2 digit number  22'),(625,28,'Spend',5.00,'2024-10-05 13:23:13','Spent on 2 digit number  33'),(626,28,'Spend',5.00,'2024-10-05 13:23:24','Spent on 2 digit number  66'),(627,28,'Spend',5.00,'2024-10-05 13:23:28','Spent on 2 digit number  77'),(628,36,'Spend',20.00,'2024-10-07 13:03:04','Spent on 2 digit number  39'),(629,36,'Spend',20.00,'2024-10-07 13:03:04','Spent on 2 digit number  89'),(630,36,'Spend',10.00,'2024-10-07 13:04:21','Spent on 2 digit number  29'),(631,36,'Spend',10.00,'2024-10-07 13:04:21','Spent on 2 digit number  32'),(632,36,'Spend',10.00,'2024-10-07 13:04:21','Spent on 2 digit number  38'),(633,36,'Spend',10.00,'2024-10-07 13:04:21','Spent on 2 digit number  29'),(634,36,'Spend',10.00,'2024-10-07 13:04:21','Spent on 2 digit number  32'),(635,36,'Spend',10.00,'2024-10-07 13:04:21','Spent on 2 digit number  38'),(636,36,'Spend',5.00,'2024-10-07 13:06:05','Spent on 2 digit number  82'),(637,36,'Spend',5.00,'2024-10-07 13:06:05','Spent on 2 digit number  28'),(638,36,'Spend',5.00,'2024-10-07 13:06:05','Spent on 2 digit number  80'),(639,36,'Spend',5.00,'2024-10-07 13:06:05','Spent on 2 digit number  30'),(640,36,'Spend',5.00,'2024-10-07 13:06:05','Spent on 2 digit number  20'),(641,36,'Spend',5.00,'2024-10-07 13:06:05','Spent on 2 digit number  82'),(642,36,'Spend',5.00,'2024-10-07 13:07:44','Spent on 2 digit number  82'),(643,36,'Spend',5.00,'2024-10-07 13:07:44','Spent on 2 digit number  28'),(644,36,'Spend',5.00,'2024-10-07 13:07:44','Spent on 2 digit number  80'),(645,36,'Spend',5.00,'2024-10-07 13:07:44','Spent on 2 digit number  30'),(646,36,'Spend',5.00,'2024-10-07 13:07:44','Spent on 2 digit number  20'),(647,36,'Spend',5.00,'2024-10-07 13:07:44','Spent on 2 digit number  83'),(648,36,'Spend',5.00,'2024-10-07 13:08:45','Spent on 2 digit number  83'),(649,36,'Spend',5.00,'2024-10-07 13:08:45','Spent on 2 digit number  83'),(650,36,'Spend',15.00,'2024-10-08 13:02:51','Spent on 2 digit number  60'),(651,36,'Spend',15.00,'2024-10-08 13:02:51','Spent on 2 digit number  25'),(652,36,'Spend',15.00,'2024-10-08 13:02:51','Spent on 2 digit number  60'),(653,36,'Spend',15.00,'2024-10-08 13:02:51','Spent on 2 digit number  25'),(654,36,'Spend',5.00,'2024-10-08 13:03:58','Spent on 2 digit number  22'),(655,36,'Spend',5.00,'2024-10-08 13:03:58','Spent on 2 digit number  65'),(656,36,'Spend',5.00,'2024-10-08 13:03:58','Spent on 2 digit number  12'),(657,36,'Spend',5.00,'2024-10-08 13:03:58','Spent on 2 digit number  10'),(658,36,'Spend',5.00,'2024-10-08 13:03:58','Spent on 2 digit number  16'),(659,36,'Spend',5.00,'2024-10-08 13:03:58','Spent on 2 digit number  15'),(660,36,'Spend',5.00,'2024-10-08 13:03:58','Spent on 2 digit number  61'),(661,36,'Spend',5.00,'2024-10-08 13:03:58','Spent on 2 digit number  11'),(662,36,'Spend',5.00,'2024-10-08 13:03:59','Spent on 2 digit number  22'),(663,36,'Spend',5.00,'2024-10-08 13:03:59','Spent on 2 digit number  65'),(664,36,'Spend',5.00,'2024-10-08 13:03:59','Spent on 2 digit number  12'),(665,36,'Spend',5.00,'2024-10-08 13:03:59','Spent on 2 digit number  10'),(666,36,'Spend',5.00,'2024-10-08 13:03:59','Spent on 2 digit number  16'),(667,36,'Spend',5.00,'2024-10-08 13:03:59','Spent on 2 digit number  15'),(668,36,'Spend',5.00,'2024-10-08 13:03:59','Spent on 2 digit number  61'),(669,36,'Spend',5.00,'2024-10-08 13:03:59','Spent on 2 digit number  11'),(670,36,'Spend',5.00,'2024-10-08 13:04:51','Spent on 2 digit number  62'),(671,36,'Spend',5.00,'2024-10-08 13:04:51','Spent on 2 digit number  62'),(672,28,'Spend',20.00,'2024-10-08 13:27:47','Spent on 2 digit number  50'),(673,28,'Spend',25.00,'2024-10-08 13:27:58','Spent on 2 digit number  52'),(674,28,'Spend',15.00,'2024-10-08 13:28:09','Spent on 2 digit number  58'),(675,28,'Spend',5.00,'2024-10-08 13:28:15','Spent on 2 digit number  59'),(676,28,'Spend',5.00,'2024-10-08 13:28:25','Spent on 2 digit number  53'),(677,28,'Spend',10.00,'2024-10-08 13:28:35','Spent on 2 digit number  48'),(678,28,'Spend',5.00,'2024-10-08 13:28:42','Spent on 2 digit number  49'),(679,28,'Spend',5.00,'2024-10-08 13:28:49','Spent on 2 digit number  41'),(680,28,'Spend',5.00,'2024-10-08 13:28:58','Spent on 2 digit number  35'),(681,28,'Spend',5.00,'2024-10-08 13:29:09','Spent on 2 digit number  37'),(682,28,'Spend',5.00,'2024-10-08 13:29:16','Spent on 2 digit number  38'),(683,28,'Spend',5.00,'2024-10-08 13:29:22','Spent on 2 digit number  34'),(684,28,'Spend',15.00,'2024-10-08 13:29:32','Spent on 2 digit number  27'),(685,28,'Spend',5.00,'2024-10-08 13:29:39','Spent on 2 digit number  22'),(686,28,'Spend',5.00,'2024-10-08 13:29:44','Spent on 2 digit number  21'),(687,28,'Spend',5.00,'2024-10-08 13:29:54','Spent on 2 digit number  25'),(688,28,'Spend',5.00,'2024-10-08 13:30:06','Spent on 2 digit number  3'),(689,28,'Spend',5.00,'2024-10-08 13:30:12','Spent on 2 digit number  6'),(690,28,'Spend',10.00,'2024-10-08 13:30:19','Spent on 2 digit number  4'),(691,28,'Spend',5.00,'2024-10-08 13:30:25','Spent on 2 digit number  7'),(692,28,'Spend',5.00,'2024-10-08 13:30:35','Spent on 2 digit number  5'),(693,28,'Spend',10.00,'2024-10-08 13:30:49','Spent on 2 digit number  72'),(694,28,'Spend',5.00,'2024-10-08 13:30:53','Spent on 2 digit number  78'),(695,28,'Spend',5.00,'2024-10-08 13:30:59','Spent on 2 digit number  77'),(696,28,'Spend',5.00,'2024-10-08 13:31:04','Spent on 2 digit number  75'),(697,28,'Spend',5.00,'2024-10-08 13:31:11','Spent on 2 digit number  71'),(698,28,'Spend',5.00,'2024-10-08 13:31:18','Spent on 2 digit number  80'),(699,28,'Spend',5.00,'2024-10-08 13:31:31','Spent on 2 digit number  82'),(700,28,'Spend',5.00,'2024-10-08 13:31:37','Spent on 2 digit number  83'),(701,28,'Spend',5.00,'2024-10-08 13:32:08','Spent on 2 digit number  0'),(702,28,'Spend',5.00,'2024-10-08 13:32:16','Spent on 2 digit number  33'),(703,28,'Spend',5.00,'2024-10-08 13:32:26','Spent on 2 digit number  66'),(704,28,'Spend',5.00,'2024-10-08 13:32:31','Spent on 2 digit number  62'),(705,28,'Spend',5.00,'2024-10-08 13:32:36','Spent on 2 digit number  67'),(706,28,'Spend',5.00,'2024-10-08 13:33:04','Spent on 2 digit number  99'),(707,33,'Spend',20.00,'2024-10-14 12:00:38','Spent on first digit number  8'),(708,30,'Spend',5.00,'2024-10-14 12:03:42','Spent on 2 digit number  46'),(709,30,'Spend',5.00,'2024-10-14 12:03:42','Spent on 2 digit number  40'),(710,30,'Spend',5.00,'2024-10-14 12:03:42','Spent on 2 digit number  43'),(711,30,'Spend',5.00,'2024-10-14 12:03:42','Spent on 2 digit number  42'),(712,30,'Spend',5.00,'2024-10-14 12:03:42','Spent on 2 digit number  64'),(713,30,'Spend',5.00,'2024-10-14 12:03:42','Spent on 2 digit number  60'),(714,30,'Spend',5.00,'2024-10-14 12:03:42','Spent on 2 digit number  63'),(715,30,'Spend',5.00,'2024-10-14 12:03:42','Spent on 2 digit number  62'),(716,30,'Spend',5.00,'2024-10-14 12:03:42','Spent on 2 digit number  4'),(717,30,'Spend',5.00,'2024-10-14 12:03:42','Spent on 2 digit number  6'),(718,30,'Spend',5.00,'2024-10-14 12:03:42','Spent on 2 digit number  3'),(719,30,'Spend',5.00,'2024-10-14 12:03:42','Spent on 2 digit number  2'),(720,30,'Spend',5.00,'2024-10-14 12:03:42','Spent on 2 digit number  34'),(721,30,'Spend',5.00,'2024-10-14 12:03:42','Spent on 2 digit number  36'),(722,30,'Spend',5.00,'2024-10-14 12:03:42','Spent on 2 digit number  30'),(723,30,'Spend',5.00,'2024-10-14 12:03:42','Spent on 2 digit number  32'),(724,30,'Spend',5.00,'2024-10-14 12:03:42','Spent on 2 digit number  24'),(725,30,'Spend',5.00,'2024-10-14 12:03:42','Spent on 2 digit number  26'),(726,30,'Spend',5.00,'2024-10-14 12:03:42','Spent on 2 digit number  20'),(727,30,'Spend',5.00,'2024-10-14 12:03:42','Spent on 2 digit number  23'),(728,30,'Spend',5.00,'2024-10-14 12:03:42','Spent on 2 digit number  46'),(729,30,'Spend',5.00,'2024-10-14 12:03:42','Spent on 2 digit number  40'),(730,30,'Spend',5.00,'2024-10-14 12:03:42','Spent on 2 digit number  43'),(731,30,'Spend',5.00,'2024-10-14 12:03:42','Spent on 2 digit number  42'),(732,30,'Spend',5.00,'2024-10-14 12:03:42','Spent on 2 digit number  64'),(733,30,'Spend',5.00,'2024-10-14 12:03:42','Spent on 2 digit number  60'),(734,30,'Spend',5.00,'2024-10-14 12:03:42','Spent on 2 digit number  63'),(735,30,'Spend',5.00,'2024-10-14 12:03:42','Spent on 2 digit number  62'),(736,30,'Spend',5.00,'2024-10-14 12:03:42','Spent on 2 digit number  4'),(737,30,'Spend',5.00,'2024-10-14 12:03:42','Spent on 2 digit number  6'),(738,30,'Spend',5.00,'2024-10-14 12:03:42','Spent on 2 digit number  3'),(739,30,'Spend',5.00,'2024-10-14 12:03:42','Spent on 2 digit number  2'),(740,30,'Spend',5.00,'2024-10-14 12:03:42','Spent on 2 digit number  34'),(741,30,'Spend',5.00,'2024-10-14 12:03:42','Spent on 2 digit number  36'),(742,30,'Spend',5.00,'2024-10-14 12:03:42','Spent on 2 digit number  30'),(743,30,'Spend',5.00,'2024-10-14 12:03:42','Spent on 2 digit number  32'),(744,30,'Spend',5.00,'2024-10-14 12:03:42','Spent on 2 digit number  24'),(745,30,'Spend',5.00,'2024-10-14 12:03:42','Spent on 2 digit number  26'),(746,30,'Spend',5.00,'2024-10-14 12:03:42','Spent on 2 digit number  20'),(747,30,'Spend',5.00,'2024-10-14 12:03:42','Spent on 2 digit number  23'),(748,36,'Spend',10.00,'2024-10-16 12:51:38','Spent on 2 digit number  45'),(749,36,'Spend',10.00,'2024-10-16 12:51:38','Spent on 2 digit number  54'),(750,36,'Spend',10.00,'2024-10-16 12:51:38','Spent on 2 digit number  17'),(751,36,'Spend',10.00,'2024-10-16 12:51:38','Spent on 2 digit number  67'),(752,36,'Spend',10.00,'2024-10-16 12:51:39','Spent on 2 digit number  45'),(753,36,'Spend',10.00,'2024-10-16 12:51:39','Spent on 2 digit number  54'),(754,36,'Spend',10.00,'2024-10-16 12:51:39','Spent on 2 digit number  17'),(755,36,'Spend',10.00,'2024-10-16 12:51:39','Spent on 2 digit number  67'),(756,36,'Spend',5.00,'2024-10-16 12:53:17','Spent on 2 digit number  97'),(757,36,'Spend',5.00,'2024-10-16 12:53:17','Spent on 2 digit number  51'),(758,36,'Spend',5.00,'2024-10-16 12:53:17','Spent on 2 digit number  57'),(759,36,'Spend',5.00,'2024-10-16 12:53:17','Spent on 2 digit number  97'),(760,36,'Spend',5.00,'2024-10-16 12:53:17','Spent on 2 digit number  51'),(761,36,'Spend',5.00,'2024-10-16 12:53:17','Spent on 2 digit number  57'),(762,36,'Spend',5.00,'2024-10-16 12:54:36','Spent on 2 digit number  39'),(763,36,'Spend',5.00,'2024-10-16 12:54:36','Spent on 2 digit number  38'),(764,36,'Spend',5.00,'2024-10-16 12:54:36','Spent on 2 digit number  39'),(765,36,'Spend',5.00,'2024-10-16 12:54:36','Spent on 2 digit number  38'),(766,28,'Spend',5.00,'2024-10-21 11:56:38','Spent on 2 digit number  97'),(767,28,'Spend',5.00,'2024-10-21 11:56:38','Spent on 2 digit number  92'),(768,28,'Spend',5.00,'2024-10-21 11:56:38','Spent on 2 digit number  91'),(769,28,'Spend',5.00,'2024-10-21 11:56:38','Spent on 2 digit number  96'),(770,28,'Spend',5.00,'2024-10-21 11:56:38','Spent on 2 digit number  79'),(771,28,'Spend',5.00,'2024-10-21 11:56:38','Spent on 2 digit number  72'),(772,28,'Spend',5.00,'2024-10-21 11:56:38','Spent on 2 digit number  71'),(773,28,'Spend',5.00,'2024-10-21 11:56:38','Spent on 2 digit number  76'),(774,28,'Spend',5.00,'2024-10-21 11:56:38','Spent on 2 digit number  29'),(775,28,'Spend',5.00,'2024-10-21 11:56:38','Spent on 2 digit number  27'),(776,28,'Spend',5.00,'2024-10-21 11:56:38','Spent on 2 digit number  21'),(777,28,'Spend',5.00,'2024-10-21 11:56:38','Spent on 2 digit number  26'),(778,28,'Spend',5.00,'2024-10-21 11:56:38','Spent on 2 digit number  19'),(779,28,'Spend',5.00,'2024-10-21 11:56:38','Spent on 2 digit number  17'),(780,28,'Spend',5.00,'2024-10-21 11:56:38','Spent on 2 digit number  12'),(781,28,'Spend',5.00,'2024-10-21 11:56:38','Spent on 2 digit number  16'),(782,28,'Spend',5.00,'2024-10-21 11:56:38','Spent on 2 digit number  69'),(783,28,'Spend',5.00,'2024-10-21 11:56:38','Spent on 2 digit number  67'),(784,28,'Spend',5.00,'2024-10-21 11:56:38','Spent on 2 digit number  62'),(785,28,'Spend',5.00,'2024-10-21 11:56:38','Spent on 2 digit number  61'),(786,28,'Spend',40.00,'2024-10-21 11:57:06','Spent on first digit number  8'),(787,28,'Spend',40.00,'2024-10-21 11:57:17','Spent on first digit number  4'),(788,28,'Spend',15.00,'2024-10-21 11:57:36','Spent on first digit number  3'),(789,28,'Winner',300.00,'2024-10-21 14:24:08','First Digit Winner'),(790,40,'Spend',500.00,'2024-11-09 13:21:51','Spent on 2 digit number  19'),(791,40,'Spend',500.00,'2024-11-09 13:22:20','Spent on 2 digit number  77'),(792,40,'Spend',500.00,'2024-11-09 13:22:41','Spent on 2 digit number  64'),(793,40,'Spend',500.00,'2024-11-09 13:23:07','Spent on 2 digit number  04'),(794,33,'Spend',20.00,'2024-11-10 12:24:46','Spent on 2 digit number  3'),(795,33,'Spend',30.00,'2024-11-10 12:25:20','Spent on first digit number  6'),(796,41,'Spend',2200.00,'2024-11-12 13:36:27','Spent on first digit number  2'),(797,41,'Spend',2300.00,'2024-11-12 13:37:01','Spent on first digit number  4'),(798,41,'Spend',500.00,'2024-11-12 13:37:28','Spent on 2 digit number  15'),(799,40,'Spend',1000.00,'2024-11-12 13:37:43','Spent on first digit number  2'),(800,40,'Spend',1000.00,'2024-11-12 13:37:54','Spent on first digit number  4'),(801,41,'Spend',500.00,'2024-11-13 13:35:21','Spent on 2 digit number  77'),(802,41,'Spend',500.00,'2024-11-13 13:35:39','Spent on 2 digit number  93'),(803,41,'Spend',500.00,'2024-11-13 13:35:47','Spent on 2 digit number  47'),(804,41,'Spend',500.00,'2024-11-13 13:36:04','Spent on 2 digit number  84'),(805,33,'Spend',5.00,'2024-11-16 10:45:01','Spent on 2 digit number  12'),(806,33,'Spend',5.00,'2024-11-16 10:45:01','Spent on 2 digit number  36'),(807,20,'Spend',10.00,'2024-11-16 10:46:54','Spent on 2 digit number  12'),(808,20,'Spend',10.00,'2024-11-16 10:46:54','Spent on 2 digit number  15'),(809,33,'Spend',5.00,'2024-11-16 10:47:09','Spent on 2 digit number  58'),(810,20,'Spend',20.00,'2024-11-16 10:47:35','Spent on 2 digit number  12'),(811,20,'Spend',20.00,'2024-11-16 10:47:35','Spent on 2 digit number  13'),(812,33,'Spend',5.00,'2024-11-16 10:53:26','Spent on 2 digit number  65'),(813,33,'Spend',5.00,'2024-11-16 10:54:39','Spent on 2 digit number  88'),(814,42,'Spend',20.00,'2024-11-16 10:55:25','Spent on 2 digit number  12'),(815,42,'Spend',20.00,'2024-11-16 10:55:25','Spent on 2 digit number  13'),(816,33,'Spend',20.00,'2024-11-16 11:00:38','Spent on 2 digit number  12'),(817,33,'Spend',20.00,'2024-11-16 11:00:38','Spent on 2 digit number  13'),(818,27,'Spend',5.00,'2024-11-16 11:03:04','Spent on 2 digit number  11'),(819,33,'Spend',5.00,'2024-11-16 11:03:56','Spent on 2 digit number  30'),(820,30,'Spend',125.00,'2024-11-22 12:54:08','Spent on 2 digit number  26'),(821,30,'Spend',125.00,'2024-11-22 12:54:08','Spent on 2 digit number  62'),(822,30,'Spend',125.00,'2024-11-22 12:54:08','Spent on 2 digit number  16'),(823,30,'Spend',125.00,'2024-11-22 12:54:08','Spent on 2 digit number  61'),(824,30,'Spend',500.00,'2024-11-22 12:54:57','Spent on first digit number  2'),(825,28,'Spend',20.00,'2024-11-22 13:25:55','Spent on 2 digit number  0'),(826,28,'Spend',10.00,'2024-11-22 13:26:02','Spent on 2 digit number  11'),(827,28,'Spend',10.00,'2024-11-22 13:26:12','Spent on 2 digit number  22'),(828,28,'Spend',5.00,'2024-11-22 13:26:18','Spent on 2 digit number  33'),(829,28,'Spend',5.00,'2024-11-22 13:26:24','Spent on 2 digit number  44'),(830,28,'Spend',10.00,'2024-11-22 13:26:31','Spent on 2 digit number  55'),(831,28,'Spend',10.00,'2024-11-22 13:26:37','Spent on 2 digit number  66'),(832,28,'Spend',5.00,'2024-11-22 13:26:43','Spent on 2 digit number  77'),(833,28,'Spend',5.00,'2024-11-22 13:26:48','Spent on 2 digit number  88'),(834,28,'Spend',5.00,'2024-11-22 13:26:54','Spent on 2 digit number  99'),(835,28,'Spend',5.00,'2024-11-22 13:27:17','Spent on 2 digit number  4'),(836,28,'Spend',5.00,'2024-11-22 13:27:33','Spent on 2 digit number  12'),(837,28,'Spend',5.00,'2024-11-22 13:27:57','Spent on 2 digit number  58'),(838,28,'Spend',5.00,'2024-11-22 13:28:04','Spent on 2 digit number  68'),(839,28,'Spend',5.00,'2024-11-22 13:28:14','Spent on 2 digit number  83'),(840,28,'Spend',5.00,'2024-11-22 13:28:23','Spent on 2 digit number  91'),(841,28,'Spend',10.00,'2024-11-22 13:28:42','Spent on 2 digit number  19'),(842,28,'Spend',5.00,'2024-11-22 13:30:59','Spent on 2 digit number  76'),(843,28,'Spend',5.00,'2024-11-22 13:30:59','Spent on 2 digit number  75'),(844,28,'Spend',5.00,'2024-11-22 13:30:59','Spent on 2 digit number  73'),(845,28,'Spend',5.00,'2024-11-22 13:30:59','Spent on 2 digit number  72'),(846,28,'Spend',5.00,'2024-11-22 13:30:59','Spent on 2 digit number  67'),(847,28,'Spend',5.00,'2024-11-22 13:30:59','Spent on 2 digit number  65'),(848,28,'Spend',5.00,'2024-11-22 13:30:59','Spent on 2 digit number  63'),(849,28,'Spend',5.00,'2024-11-22 13:30:59','Spent on 2 digit number  62'),(850,28,'Spend',5.00,'2024-11-22 13:30:59','Spent on 2 digit number  57'),(851,28,'Spend',5.00,'2024-11-22 13:30:59','Spent on 2 digit number  56'),(852,28,'Spend',5.00,'2024-11-22 13:30:59','Spent on 2 digit number  53'),(853,28,'Spend',5.00,'2024-11-22 13:30:59','Spent on 2 digit number  52'),(854,28,'Spend',5.00,'2024-11-22 13:30:59','Spent on 2 digit number  37'),(855,28,'Spend',5.00,'2024-11-22 13:30:59','Spent on 2 digit number  36'),(856,28,'Spend',5.00,'2024-11-22 13:30:59','Spent on 2 digit number  35'),(857,28,'Spend',5.00,'2024-11-22 13:30:59','Spent on 2 digit number  32'),(858,28,'Spend',5.00,'2024-11-22 13:30:59','Spent on 2 digit number  27'),(859,28,'Spend',5.00,'2024-11-22 13:30:59','Spent on 2 digit number  26'),(860,28,'Spend',5.00,'2024-11-22 13:30:59','Spent on 2 digit number  25'),(861,28,'Spend',5.00,'2024-11-22 13:30:59','Spent on 2 digit number  23'),(862,28,'Spend',10.00,'2024-11-22 13:31:24','Spent on 2 digit number  37'),(863,28,'Spend',5.00,'2024-11-22 13:31:33','Spent on 2 digit number  50'),(864,28,'Spend',5.00,'2024-11-22 13:31:45','Spent on 2 digit number  70'),(865,28,'Spend',5.00,'2024-11-22 13:32:09','Spent on 2 digit number  49'),(866,28,'Winner',420.00,'2024-11-22 13:58:56','Full Number Winner'),(867,30,'Winner',10500.00,'2024-11-22 13:58:56','Full Number Winner'),(868,30,'Winner',3750.00,'2024-11-22 13:59:06','First Digit Winner'),(869,28,'Spend',5.00,'2024-11-23 11:26:23','Spent on 2 digit number  76'),(870,28,'Spend',5.00,'2024-11-23 11:26:23','Spent on 2 digit number  78'),(871,28,'Spend',5.00,'2024-11-23 11:26:23','Spent on 2 digit number  73'),(872,28,'Spend',5.00,'2024-11-23 11:26:23','Spent on 2 digit number  72'),(873,28,'Spend',5.00,'2024-11-23 11:26:23','Spent on 2 digit number  67'),(874,28,'Spend',5.00,'2024-11-23 11:26:23','Spent on 2 digit number  68'),(875,28,'Spend',5.00,'2024-11-23 11:26:23','Spent on 2 digit number  63'),(876,28,'Spend',5.00,'2024-11-23 11:26:23','Spent on 2 digit number  62'),(877,28,'Spend',5.00,'2024-11-23 11:26:23','Spent on 2 digit number  87'),(878,28,'Spend',5.00,'2024-11-23 11:26:23','Spent on 2 digit number  86'),(879,28,'Spend',5.00,'2024-11-23 11:26:23','Spent on 2 digit number  83'),(880,28,'Spend',5.00,'2024-11-23 11:26:23','Spent on 2 digit number  82'),(881,28,'Spend',5.00,'2024-11-23 11:26:23','Spent on 2 digit number  37'),(882,28,'Spend',5.00,'2024-11-23 11:26:23','Spent on 2 digit number  36'),(883,28,'Spend',5.00,'2024-11-23 11:26:23','Spent on 2 digit number  38'),(884,28,'Spend',5.00,'2024-11-23 11:26:23','Spent on 2 digit number  32'),(885,28,'Spend',5.00,'2024-11-23 11:26:23','Spent on 2 digit number  27'),(886,28,'Spend',5.00,'2024-11-23 11:26:23','Spent on 2 digit number  26'),(887,28,'Spend',5.00,'2024-11-23 11:26:23','Spent on 2 digit number  28'),(888,28,'Spend',5.00,'2024-11-23 11:26:23','Spent on 2 digit number  23'),(889,28,'Spend',20.00,'2024-11-23 11:26:35','Spent on 2 digit number  0'),(890,28,'Spend',10.00,'2024-11-23 11:26:45','Spent on 2 digit number  22'),(891,28,'Spend',10.00,'2024-11-23 11:26:59','Spent on 2 digit number  33'),(892,28,'Spend',10.00,'2024-11-23 11:27:05','Spent on 2 digit number  44'),(893,28,'Spend',10.00,'2024-11-23 11:27:11','Spent on 2 digit number  55'),(894,28,'Spend',10.00,'2024-11-23 11:27:19','Spent on 2 digit number  66'),(895,28,'Spend',10.00,'2024-11-23 11:27:26','Spent on 2 digit number  77'),(896,28,'Spend',5.00,'2024-11-23 11:27:35','Spent on 2 digit number  88'),(897,28,'Spend',10.00,'2024-11-23 11:27:41','Spent on 2 digit number  99'),(898,28,'Spend',5.00,'2024-11-23 11:27:47','Spent on 2 digit number  94'),(899,28,'Spend',10.00,'2024-11-23 11:27:53','Spent on 2 digit number  98'),(900,28,'Spend',5.00,'2024-11-23 11:28:00','Spent on 2 digit number  89'),(901,28,'Spend',5.00,'2024-11-23 11:28:07','Spent on 2 digit number  82'),(902,28,'Spend',15.00,'2024-11-23 11:28:14','Spent on 2 digit number  83'),(903,28,'Spend',10.00,'2024-11-23 11:28:25','Spent on 2 digit number  81'),(904,28,'Spend',5.00,'2024-11-23 11:28:34','Spent on 2 digit number  79'),(905,28,'Spend',5.00,'2024-11-23 11:28:41','Spent on 2 digit number  72'),(906,28,'Spend',5.00,'2024-11-23 11:28:46','Spent on 2 digit number  70'),(907,28,'Spend',15.00,'2024-11-23 11:28:53','Spent on 2 digit number  71'),(908,28,'Spend',10.00,'2024-11-23 11:29:02','Spent on 2 digit number  68'),(909,28,'Spend',10.00,'2024-11-23 11:29:10','Spent on 2 digit number  64'),(910,28,'Spend',5.00,'2024-11-23 11:29:17','Spent on 2 digit number  61'),(911,28,'Spend',5.00,'2024-11-23 11:29:23','Spent on 2 digit number  63'),(912,28,'Spend',5.00,'2024-11-23 11:29:31','Spent on 2 digit number  58'),(913,28,'Spend',10.00,'2024-11-23 11:29:40','Spent on 2 digit number  52'),(914,28,'Spend',5.00,'2024-11-23 11:29:46','Spent on 2 digit number  56'),(915,28,'Spend',5.00,'2024-11-23 11:29:54','Spent on 2 digit number  53'),(916,28,'Spend',5.00,'2024-11-23 11:30:00','Spent on 2 digit number  48'),(917,28,'Spend',5.00,'2024-11-23 11:30:09','Spent on 2 digit number  41'),(918,28,'Spend',5.00,'2024-11-23 11:30:17','Spent on 2 digit number  40'),(919,28,'Spend',5.00,'2024-11-23 11:30:24','Spent on 2 digit number  42'),(920,28,'Spend',5.00,'2024-11-23 11:30:33','Spent on 2 digit number  38'),(921,28,'Spend',5.00,'2024-11-23 11:30:41','Spent on 2 digit number  31'),(922,28,'Spend',5.00,'2024-11-23 11:30:47','Spent on 2 digit number  30'),(923,28,'Spend',10.00,'2024-11-23 11:30:54','Spent on 2 digit number  25'),(924,28,'Spend',5.00,'2024-11-23 11:31:00','Spent on 2 digit number  26'),(925,28,'Spend',5.00,'2024-11-23 11:31:05','Spent on 2 digit number  24'),(926,28,'Spend',5.00,'2024-11-23 11:31:12','Spent on 2 digit number  21'),(927,28,'Spend',5.00,'2024-11-23 11:31:18','Spent on 2 digit number  20'),(928,28,'Spend',5.00,'2024-11-23 11:31:23','Spent on 2 digit number  23'),(929,28,'Spend',10.00,'2024-11-23 11:31:30','Spent on 2 digit number  17'),(930,28,'Spend',10.00,'2024-11-23 11:31:37','Spent on 2 digit number  19'),(931,28,'Spend',5.00,'2024-11-23 11:31:42','Spent on 2 digit number  16'),(932,28,'Spend',5.00,'2024-11-23 11:31:48','Spent on 2 digit number  14'),(933,28,'Spend',5.00,'2024-11-23 11:31:54','Spent on 2 digit number  11'),(934,28,'Spend',5.00,'2024-11-23 11:31:59','Spent on 2 digit number  12'),(935,28,'Spend',5.00,'2024-11-23 11:32:09','Spent on 2 digit number  2'),(936,28,'Spend',5.00,'2024-11-23 11:32:16','Spent on 2 digit number  6'),(937,28,'Spend',5.00,'2024-11-23 11:32:23','Spent on 2 digit number  8'),(938,28,'Spend',5.00,'2024-11-23 11:32:32','Spent on 2 digit number  7'),(939,28,'Spend',5.00,'2024-11-23 11:32:38','Spent on 2 digit number  1'),(940,28,'Spend',35.00,'2024-11-23 11:33:18','Spent on first digit number  5'),(941,28,'Spend',40.00,'2024-11-23 11:33:28','Spent on first digit number  2'),(942,28,'Spend',20.00,'2024-11-23 11:33:46','Spent on first digit number  3'),(943,28,'Winner',840.00,'2024-11-23 14:01:41','Full Number Winner');
/*!40000 ALTER TABLE `transactions` ENABLE KEYS */;
UNLOCK TABLES;
/*!40103 SET TIME_ZONE=@OLD_TIME_ZONE */;

/*!40101 SET SQL_MODE=@OLD_SQL_MODE */;
/*!40014 SET FOREIGN_KEY_CHECKS=@OLD_FOREIGN_KEY_CHECKS */;
/*!40014 SET UNIQUE_CHECKS=@OLD_UNIQUE_CHECKS */;
/*!40101 SET CHARACTER_SET_CLIENT=@OLD_CHARACTER_SET_CLIENT */;
/*!40101 SET CHARACTER_SET_RESULTS=@OLD_CHARACTER_SET_RESULTS */;
/*!40101 SET COLLATION_CONNECTION=@OLD_COLLATION_CONNECTION */;
/*!40111 SET SQL_NOTES=@OLD_SQL_NOTES */;

-- Dump completed on 2024-11-23 17:05:26
