-- MySQL dump 10.13  Distrib 8.0.39, for Linux (x86_64)
--
-- Host: localhost    Database: asmitixc_game5
-- ------------------------------------------------------
-- Server version	8.0.39-cll-lve

/*!40101 SET @OLD_CHARACTER_SET_CLIENT=@@CHARACTER_SET_CLIENT */;
/*!40101 SET @OLD_CHARACTER_SET_RESULTS=@@CHARACTER_SET_RESULTS */;
/*!40101 SET @OLD_COLLATION_CONNECTION=@@COLLATION_CONNECTION */;
/*!50503 SET NAMES utf8mb4 */;
/*!40103 SET @OLD_TIME_ZONE=@@TIME_ZONE */;
/*!40103 SET TIME_ZONE='+00:00' */;
/*!40014 SET @OLD_UNIQUE_CHECKS=@@UNIQUE_CHECKS, UNIQUE_CHECKS=0 */;
/*!40014 SET @OLD_FOREIGN_KEY_CHECKS=@@FOREIGN_KEY_CHECKS, FOREIGN_KEY_CHECKS=0 */;
/*!40101 SET @OLD_SQL_MODE=@@SQL_MODE, SQL_MODE='NO_AUTO_VALUE_ON_ZERO' */;
/*!40111 SET @OLD_SQL_NOTES=@@SQL_NOTES, SQL_NOTES=0 */;

--
-- Table structure for table `admin_control`
--

DROP TABLE IF EXISTS `admin_control`;
/*!40101 SET @saved_cs_client     = @@character_set_client */;
/*!50503 SET character_set_client = utf8mb4 */;
CREATE TABLE `admin_control` (
  `id` int NOT NULL AUTO_INCREMENT,
  `run_function` tinyint(1) DEFAULT NULL,
  PRIMARY KEY (`id`)
) ENGINE=InnoDB AUTO_INCREMENT=2 DEFAULT CHARSET=latin1;
/*!40101 SET character_set_client = @saved_cs_client */;

--
-- Dumping data for table `admin_control`
--

LOCK TABLES `admin_control` WRITE;
/*!40000 ALTER TABLE `admin_control` DISABLE KEYS */;
INSERT INTO `admin_control` VALUES (1,1);
/*!40000 ALTER TABLE `admin_control` ENABLE KEYS */;
UNLOCK TABLES;

--
-- Table structure for table `biddetails`
--

DROP TABLE IF EXISTS `biddetails`;
/*!40101 SET @saved_cs_client     = @@character_set_client */;
/*!50503 SET character_set_client = utf8mb4 */;
CREATE TABLE `biddetails` (
  `id` int NOT NULL AUTO_INCREMENT,
  `user_id` int DEFAULT NULL,
  `bid_number` int DEFAULT NULL,
  `bid_amount` decimal(10,2) DEFAULT NULL,
  `bid_date` timestamp NULL DEFAULT NULL,
  PRIMARY KEY (`id`),
  KEY `FK_User` (`user_id`)
) ENGINE=InnoDB AUTO_INCREMENT=2689 DEFAULT CHARSET=latin1;
/*!40101 SET character_set_client = @saved_cs_client */;

--
-- Dumping data for table `biddetails`
--

LOCK TABLES `biddetails` WRITE;
/*!40000 ALTER TABLE `biddetails` DISABLE KEYS */;
INSERT INTO `biddetails` VALUES (2632,28,12,155.00,'2024-11-23 14:49:11'),(2633,28,0,15.00,'2024-11-23 14:46:07'),(2634,28,11,5.00,'2024-11-23 14:46:29'),(2635,28,22,10.00,'2024-11-23 14:46:34'),(2636,28,33,10.00,'2024-11-23 14:46:42'),(2637,28,44,5.00,'2024-11-23 14:46:53'),(2638,28,55,5.00,'2024-11-23 14:46:57'),(2639,28,66,10.00,'2024-11-23 14:47:03'),(2640,28,77,10.00,'2024-11-23 14:47:31'),(2641,28,88,5.00,'2024-11-23 14:47:42'),(2642,28,99,10.00,'2024-11-23 14:47:48'),(2643,28,2,10.00,'2024-11-23 14:48:04'),(2644,28,6,5.00,'2024-11-23 14:48:17'),(2645,28,8,5.00,'2024-11-23 14:48:21'),(2646,28,4,35.00,'2024-11-23 14:48:32'),(2647,28,19,10.00,'2024-11-23 14:48:44'),(2648,28,15,10.00,'2024-11-23 14:48:53'),(2649,28,16,5.00,'2024-11-23 14:49:03'),(2650,28,26,15.00,'2024-11-23 14:49:26'),(2651,28,27,5.00,'2024-11-23 14:49:33'),(2652,28,25,10.00,'2024-11-23 14:49:40'),(2653,28,32,10.00,'2024-11-23 14:49:51'),(2654,28,38,5.00,'2024-11-23 14:49:56'),(2655,28,34,5.00,'2024-11-23 14:50:07'),(2656,28,48,10.00,'2024-11-23 14:50:15'),(2657,28,40,35.00,'2024-11-23 14:56:17'),(2658,28,43,5.00,'2024-11-23 14:50:31'),(2659,28,49,5.00,'2024-11-23 14:50:37'),(2660,28,91,5.00,'2024-11-23 14:51:03'),(2661,28,98,5.00,'2024-11-23 14:51:08'),(2662,28,92,5.00,'2024-11-23 14:51:15'),(2663,28,97,5.00,'2024-11-23 14:51:26'),(2664,28,82,5.00,'2024-11-23 14:52:53'),(2665,28,83,15.00,'2024-11-23 14:52:59'),(2666,28,89,5.00,'2024-11-23 14:53:03'),(2667,28,81,5.00,'2024-11-23 14:53:11'),(2668,28,80,5.00,'2024-11-23 14:53:19'),(2669,28,79,5.00,'2024-11-23 14:53:27'),(2670,28,76,10.00,'2024-11-23 14:53:34'),(2671,28,70,5.00,'2024-11-23 14:53:41'),(2672,28,71,5.00,'2024-11-23 14:53:46'),(2673,28,68,10.00,'2024-11-23 14:53:58'),(2674,28,67,5.00,'2024-11-23 14:54:05'),(2675,28,61,5.00,'2024-11-23 14:54:13'),(2676,28,63,5.00,'2024-11-23 14:54:18'),(2677,28,62,15.00,'2024-11-23 14:54:24'),(2678,28,50,5.00,'2024-11-23 14:54:34'),(2679,28,56,5.00,'2024-11-23 14:54:40'),(2680,28,58,5.00,'2024-11-23 14:54:45'),(2681,28,54,5.00,'2024-11-23 14:54:52'),(2682,28,53,5.00,'2024-11-23 14:54:59'),(2683,28,52,10.00,'2024-11-23 14:55:05'),(2684,28,51,5.00,'2024-11-23 14:55:11'),(2685,28,78,5.00,'2024-11-23 14:55:20'),(2686,28,47,5.00,'2024-11-23 14:56:25'),(2687,29,38,50.00,'2024-11-23 15:26:45'),(2688,29,33,50.00,'2024-11-23 15:27:04');
/*!40000 ALTER TABLE `biddetails` ENABLE KEYS */;
UNLOCK TABLES;

--
-- Table structure for table `first_digit`
--

DROP TABLE IF EXISTS `first_digit`;
/*!40101 SET @saved_cs_client     = @@character_set_client */;
/*!50503 SET character_set_client = utf8mb4 */;
CREATE TABLE `first_digit` (
  `id` int NOT NULL AUTO_INCREMENT,
  `number` int NOT NULL,
  `amount` int NOT NULL,
  PRIMARY KEY (`id`)
) ENGINE=InnoDB AUTO_INCREMENT=11 DEFAULT CHARSET=latin1;
/*!40101 SET character_set_client = @saved_cs_client */;

--
-- Dumping data for table `first_digit`
--

LOCK TABLES `first_digit` WRITE;
/*!40000 ALTER TABLE `first_digit` DISABLE KEYS */;
INSERT INTO `first_digit` VALUES (1,0,0),(2,1,350),(3,2,0),(4,3,200),(5,4,0),(6,5,0),(7,6,0),(8,7,0),(9,8,0),(10,9,0);
/*!40000 ALTER TABLE `first_digit` ENABLE KEYS */;
UNLOCK TABLES;

--
-- Table structure for table `firstbiddetails`
--

DROP TABLE IF EXISTS `firstbiddetails`;
/*!40101 SET @saved_cs_client     = @@character_set_client */;
/*!50503 SET character_set_client = utf8mb4 */;
CREATE TABLE `firstbiddetails` (
  `fid` int NOT NULL AUTO_INCREMENT,
  `user_id` int DEFAULT NULL,
  `bid_number` int DEFAULT NULL,
  `bid_amount` int DEFAULT NULL,
  `bid_date` timestamp NOT NULL DEFAULT CURRENT_TIMESTAMP ON UPDATE CURRENT_TIMESTAMP,
  PRIMARY KEY (`fid`),
  KEY `user_id` (`user_id`)
) ENGINE=InnoDB AUTO_INCREMENT=95 DEFAULT CHARSET=latin1;
/*!40101 SET character_set_client = @saved_cs_client */;

--
-- Dumping data for table `firstbiddetails`
--

LOCK TABLES `firstbiddetails` WRITE;
/*!40000 ALTER TABLE `firstbiddetails` DISABLE KEYS */;
INSERT INTO `firstbiddetails` VALUES (93,28,1,350,'2024-11-23 14:20:50'),(94,29,3,200,'2024-11-23 15:27:18');
/*!40000 ALTER TABLE `firstbiddetails` ENABLE KEYS */;
UNLOCK TABLES;

--
-- Table structure for table `input_time`
--

DROP TABLE IF EXISTS `input_time`;
/*!40101 SET @saved_cs_client     = @@character_set_client */;
/*!50503 SET character_set_client = utf8mb4 */;
CREATE TABLE `input_time` (
  `id` int NOT NULL AUTO_INCREMENT,
  `time` time NOT NULL,
  PRIMARY KEY (`id`)
) ENGINE=InnoDB AUTO_INCREMENT=2 DEFAULT CHARSET=latin1;
/*!40101 SET character_set_client = @saved_cs_client */;

--
-- Dumping data for table `input_time`
--

LOCK TABLES `input_time` WRITE;
/*!40000 ALTER TABLE `input_time` DISABLE KEYS */;
INSERT INTO `input_time` VALUES (1,'20:38:00');
/*!40000 ALTER TABLE `input_time` ENABLE KEYS */;
UNLOCK TABLES;

--
-- Table structure for table `luckynumber`
--

DROP TABLE IF EXISTS `luckynumber`;
/*!40101 SET @saved_cs_client     = @@character_set_client */;
/*!50503 SET character_set_client = utf8mb4 */;
CREATE TABLE `luckynumber` (
  `id` int NOT NULL AUTO_INCREMENT,
  `number` int NOT NULL,
  `amount` int NOT NULL,
  PRIMARY KEY (`id`)
) ENGINE=InnoDB AUTO_INCREMENT=2 DEFAULT CHARSET=latin1;
/*!40101 SET character_set_client = @saved_cs_client */;

--
-- Dumping data for table `luckynumber`
--

LOCK TABLES `luckynumber` WRITE;
/*!40000 ALTER TABLE `luckynumber` DISABLE KEYS */;
INSERT INTO `luckynumber` VALUES (1,6,5);
/*!40000 ALTER TABLE `luckynumber` ENABLE KEYS */;
UNLOCK TABLES;

--
-- Table structure for table `market`
--

DROP TABLE IF EXISTS `market`;
/*!40101 SET @saved_cs_client     = @@character_set_client */;
/*!50503 SET character_set_client = utf8mb4 */;
CREATE TABLE `market` (
  `suspend` tinyint(1) NOT NULL DEFAULT '0'
) ENGINE=InnoDB DEFAULT CHARSET=latin1;
/*!40101 SET character_set_client = @saved_cs_client */;

--
-- Dumping data for table `market`
--

LOCK TABLES `market` WRITE;
/*!40000 ALTER TABLE `market` DISABLE KEYS */;
INSERT INTO `market` VALUES (1);
/*!40000 ALTER TABLE `market` ENABLE KEYS */;
UNLOCK TABLES;

--
-- Table structure for table `number_table`
--

DROP TABLE IF EXISTS `number_table`;
/*!40101 SET @saved_cs_client     = @@character_set_client */;
/*!50503 SET character_set_client = utf8mb4 */;
CREATE TABLE `number_table` (
  `id` int NOT NULL AUTO_INCREMENT,
  `number` int DEFAULT NULL,
  `amount` int DEFAULT NULL,
  `created_at` timestamp NOT NULL DEFAULT CURRENT_TIMESTAMP,
  PRIMARY KEY (`id`)
) ENGINE=InnoDB AUTO_INCREMENT=101 DEFAULT CHARSET=utf8mb4 COLLATE=utf8mb4_general_ci;
/*!40101 SET character_set_client = @saved_cs_client */;

--
-- Dumping data for table `number_table`
--

LOCK TABLES `number_table` WRITE;
/*!40000 ALTER TABLE `number_table` DISABLE KEYS */;
INSERT INTO `number_table` VALUES (1,0,15,'2023-06-07 13:03:22'),(2,1,0,'2023-06-07 13:03:22'),(3,2,10,'2023-06-07 13:03:22'),(4,3,0,'2023-06-07 13:03:22'),(5,4,35,'2023-06-07 13:03:22'),(6,5,0,'2023-06-07 13:03:22'),(7,6,5,'2023-06-07 13:03:22'),(8,7,0,'2023-06-07 13:03:22'),(9,8,5,'2023-06-07 13:03:22'),(10,9,0,'2023-06-07 13:03:22'),(11,10,0,'2023-06-07 13:03:22'),(12,11,5,'2023-06-07 13:03:22'),(13,12,155,'2023-06-07 13:03:22'),(14,13,0,'2023-06-07 13:03:22'),(15,14,0,'2023-06-07 13:03:22'),(16,15,10,'2023-06-07 13:03:22'),(17,16,5,'2023-06-07 13:03:22'),(18,17,0,'2023-06-07 13:03:22'),(19,18,0,'2023-06-07 13:03:22'),(20,19,10,'2023-06-07 13:03:22'),(21,20,0,'2023-06-07 13:03:22'),(22,21,0,'2023-06-07 13:03:22'),(23,22,10,'2023-06-07 13:03:22'),(24,23,0,'2023-06-07 13:03:22'),(25,24,0,'2023-06-07 13:03:22'),(26,25,10,'2023-06-07 13:03:22'),(27,26,15,'2023-06-07 13:03:22'),(28,27,5,'2023-06-07 13:03:22'),(29,28,0,'2023-06-07 13:03:22'),(30,29,0,'2023-06-07 13:03:22'),(31,30,0,'2023-06-07 13:03:22'),(32,31,0,'2023-06-07 13:03:22'),(33,32,10,'2023-06-07 13:03:22'),(34,33,60,'2023-06-07 13:03:22'),(35,34,5,'2023-06-07 13:03:22'),(36,35,0,'2023-06-07 13:03:22'),(37,36,0,'2023-06-07 13:03:22'),(38,37,0,'2023-06-07 13:03:22'),(39,38,55,'2023-06-07 13:03:22'),(40,39,0,'2023-06-07 13:03:22'),(41,40,35,'2023-06-07 13:03:22'),(42,41,0,'2023-06-07 13:03:22'),(43,42,0,'2023-06-07 13:03:22'),(44,43,5,'2023-06-07 13:03:22'),(45,44,5,'2023-06-07 13:03:22'),(46,45,0,'2023-06-07 13:03:22'),(47,46,0,'2023-06-07 13:03:22'),(48,47,5,'2023-06-07 13:03:22'),(49,48,10,'2023-06-07 13:03:22'),(50,49,5,'2023-06-07 13:03:22'),(51,50,5,'2023-06-07 13:03:22'),(52,51,5,'2023-06-07 13:03:22'),(53,52,10,'2023-06-07 13:03:22'),(54,53,5,'2023-06-07 13:03:22'),(55,54,5,'2023-06-07 13:03:22'),(56,55,5,'2023-06-07 13:03:22'),(57,56,5,'2023-06-07 13:03:22'),(58,57,0,'2023-06-07 13:03:22'),(59,58,5,'2023-06-07 13:03:22'),(60,59,0,'2023-06-07 13:03:22'),(61,60,0,'2023-06-07 13:03:22'),(62,61,5,'2023-06-07 13:03:22'),(63,62,15,'2023-06-07 13:03:22'),(64,63,5,'2023-06-07 13:03:22'),(65,64,0,'2023-06-07 13:03:22'),(66,65,0,'2023-06-07 13:03:22'),(67,66,10,'2023-06-07 13:03:22'),(68,67,5,'2023-06-07 13:03:22'),(69,68,10,'2023-06-07 13:03:22'),(70,69,0,'2023-06-07 13:03:22'),(71,70,5,'2023-06-07 13:03:22'),(72,71,5,'2023-06-07 13:03:22'),(73,72,0,'2023-06-07 13:03:22'),(74,73,0,'2023-06-07 13:03:22'),(75,74,0,'2023-06-07 13:03:22'),(76,75,0,'2023-06-07 13:03:22'),(77,76,10,'2023-06-07 13:03:22'),(78,77,10,'2023-06-07 13:03:22'),(79,78,5,'2023-06-07 13:03:22'),(80,79,5,'2023-06-07 13:03:22'),(81,80,5,'2023-06-07 13:03:22'),(82,81,5,'2023-06-07 13:03:22'),(83,82,5,'2023-06-07 13:03:22'),(84,83,15,'2023-06-07 13:03:22'),(85,84,0,'2023-06-07 13:03:22'),(86,85,0,'2023-06-07 13:03:22'),(87,86,0,'2023-06-07 13:03:22'),(88,87,0,'2023-06-07 13:03:22'),(89,88,5,'2023-06-07 13:03:22'),(90,89,5,'2023-06-07 13:03:22'),(91,90,0,'2023-06-07 13:03:22'),(92,91,5,'2023-06-07 13:03:22'),(93,92,5,'2023-06-07 13:03:22'),(94,93,0,'2023-06-07 13:03:22'),(95,94,0,'2023-06-07 13:03:22'),(96,95,0,'2023-06-07 13:03:22'),(97,96,0,'2023-06-07 13:03:22'),(98,97,5,'2023-06-07 13:03:22'),(99,98,5,'2023-06-07 13:03:22'),(100,99,10,'2023-06-07 13:03:22');
/*!40000 ALTER TABLE `number_table` ENABLE KEYS */;
UNLOCK TABLES;

--
-- Table structure for table `profit_percent`
--

DROP TABLE IF EXISTS `profit_percent`;
/*!40101 SET @saved_cs_client     = @@character_set_client */;
/*!50503 SET character_set_client = utf8mb4 */;
CREATE TABLE `profit_percent` (
  `id` int NOT NULL AUTO_INCREMENT,
  `digit` int NOT NULL,
  `percentage` float NOT NULL,
  PRIMARY KEY (`id`)
) ENGINE=InnoDB AUTO_INCREMENT=4 DEFAULT CHARSET=latin1;
/*!40101 SET character_set_client = @saved_cs_client */;

--
-- Dumping data for table `profit_percent`
--

LOCK TABLES `profit_percent` WRITE;
/*!40000 ALTER TABLE `profit_percent` DISABLE KEYS */;
INSERT INTO `profit_percent` VALUES (1,0,8400),(2,1,750),(3,3,750);
/*!40000 ALTER TABLE `profit_percent` ENABLE KEYS */;
UNLOCK TABLES;

--
-- Table structure for table `second_digit`
--

DROP TABLE IF EXISTS `second_digit`;
/*!40101 SET @saved_cs_client     = @@character_set_client */;
/*!50503 SET character_set_client = utf8mb4 */;
CREATE TABLE `second_digit` (
  `id` int NOT NULL AUTO_INCREMENT,
  `number` int NOT NULL,
  `amount` int NOT NULL,
  PRIMARY KEY (`id`)
) ENGINE=InnoDB AUTO_INCREMENT=11 DEFAULT CHARSET=latin1;
/*!40101 SET character_set_client = @saved_cs_client */;

--
-- Dumping data for table `second_digit`
--

LOCK TABLES `second_digit` WRITE;
/*!40000 ALTER TABLE `second_digit` DISABLE KEYS */;
INSERT INTO `second_digit` VALUES (1,0,0),(2,1,0),(3,2,0),(4,3,0),(5,4,0),(6,5,0),(7,6,0),(8,7,0),(9,8,0),(10,9,0);
/*!40000 ALTER TABLE `second_digit` ENABLE KEYS */;
UNLOCK TABLES;

--
-- Table structure for table `secondbiddetails`
--

DROP TABLE IF EXISTS `secondbiddetails`;
/*!40101 SET @saved_cs_client     = @@character_set_client */;
/*!50503 SET character_set_client = utf8mb4 */;
CREATE TABLE `secondbiddetails` (
  `sid` int NOT NULL AUTO_INCREMENT,
  `user_id` int DEFAULT NULL,
  `bid_number` int DEFAULT NULL,
  `bid_amount` int DEFAULT NULL,
  `bid_date` timestamp NOT NULL DEFAULT CURRENT_TIMESTAMP ON UPDATE CURRENT_TIMESTAMP,
  PRIMARY KEY (`sid`),
  KEY `user_id` (`user_id`)
) ENGINE=InnoDB AUTO_INCREMENT=12 DEFAULT CHARSET=latin1;
/*!40101 SET character_set_client = @saved_cs_client */;

--
-- Dumping data for table `secondbiddetails`
--

LOCK TABLES `secondbiddetails` WRITE;
/*!40000 ALTER TABLE `secondbiddetails` DISABLE KEYS */;
/*!40000 ALTER TABLE `secondbiddetails` ENABLE KEYS */;
UNLOCK TABLES;

--
-- Table structure for table `transactions`
--

DROP TABLE IF EXISTS `transactions`;
/*!40101 SET @saved_cs_client     = @@character_set_client */;
/*!50503 SET character_set_client = utf8mb4 */;
CREATE TABLE `transactions` (
  `transaction_id` int NOT NULL AUTO_INCREMENT,
  `user_id` int DEFAULT NULL,
  `transaction_type` varchar(10) DEFAULT NULL,
  `amount` decimal(10,2) DEFAULT NULL,
  `transaction_date` datetime DEFAULT NULL,
  `details` text,
  PRIMARY KEY (`transaction_id`),
  KEY `transactions_ibfk_1` (`user_id`)
) ENGINE=InnoDB AUTO_INCREMENT=731 DEFAULT CHARSET=latin1;
/*!40101 SET character_set_client = @saved_cs_client */;

--
-- Dumping data for table `transactions`
--

LOCK TABLES `transactions` WRITE;
/*!40000 ALTER TABLE `transactions` DISABLE KEYS */;
INSERT INTO `transactions` VALUES (1,27,'Spend',100.00,'2024-07-04 15:17:46','Spent on 2 digit number  8'),(2,27,'Spend',100.00,'2024-07-04 15:18:12','Spent on 2 digit number  80'),(3,27,'Spend',100.00,'2024-07-04 15:18:19','Spent on 2 digit number  81'),(4,27,'Spend',100.00,'2024-07-04 15:18:25','Spent on 2 digit number  82'),(5,27,'Spend',100.00,'2024-07-04 15:18:32','Spent on 2 digit number  83'),(6,27,'Spend',100.00,'2024-07-04 15:18:39','Spent on 2 digit number  84'),(7,27,'Spend',100.00,'2024-07-04 15:18:45','Spent on 2 digit number  85'),(8,27,'Spend',100.00,'2024-07-04 15:18:53','Spent on 2 digit number  86'),(9,27,'Spend',100.00,'2024-07-04 15:19:00','Spent on 2 digit number  87'),(10,27,'Spend',100.00,'2024-07-04 15:19:14','Spent on 2 digit number  88'),(11,27,'Spend',100.00,'2024-07-04 15:19:21','Spent on 2 digit number  89'),(12,40,'Spend',1300.00,'2024-07-06 15:06:47','Spent on first digit number  1'),(13,40,'Spend',190.00,'2024-07-06 15:07:03','Spent on 2 digit number  19'),(14,37,'Spend',20.00,'2024-07-08 11:43:20','Spent on 2 digit number  78'),(15,28,'Spend',60.00,'2024-07-08 15:18:25','Spent on first digit number  5'),(16,28,'Spend',20.00,'2024-07-08 15:18:39','Spent on first digit number  7'),(17,28,'Spend',40.00,'2024-07-08 15:19:40','Spent on first digit number  6'),(18,28,'Spend',10.00,'2024-07-08 15:20:03','Spent on 2 digit number  55'),(19,28,'Spend',10.00,'2024-07-08 15:20:09','Spent on 2 digit number  66'),(20,28,'Spend',10.00,'2024-07-08 15:20:21','Spent on 2 digit number  92'),(21,28,'Spend',10.00,'2024-07-08 15:20:33','Spent on 2 digit number  27'),(22,28,'Spend',5.00,'2024-07-08 15:20:42','Spent on 2 digit number  72'),(23,28,'Spend',10.00,'2024-07-08 15:20:51','Spent on 2 digit number  53'),(24,28,'Spend',5.00,'2024-07-08 15:21:07','Spent on 2 digit number  31'),(25,33,'Spend',5.00,'2024-07-12 14:57:26','Spent on 2 digit number  47'),(26,33,'Spend',5.00,'2024-07-12 14:57:26','Spent on 2 digit number  65'),(27,33,'Spend',5.00,'2024-07-12 14:57:27','Spent on 2 digit number  95'),(28,33,'Spend',5.00,'2024-07-12 14:57:27','Spent on 2 digit number  53'),(29,33,'Spend',5.00,'2024-07-12 14:57:27','Spent on 2 digit number  35'),(30,33,'Spend',5.00,'2024-07-12 14:57:27','Spent on 2 digit number  58'),(31,33,'Spend',5.00,'2024-07-12 14:57:27','Spent on 2 digit number  52'),(32,33,'Spend',5.00,'2024-07-12 14:57:58','Spent on 2 digit number  4'),(33,33,'Spend',5.00,'2024-07-12 14:57:58','Spent on 2 digit number  6'),(34,33,'Spend',5.00,'2024-07-12 14:57:58','Spent on 2 digit number  5'),(35,32,'Spend',15.00,'2024-07-12 15:18:54','Spent on 2 digit number  26'),(36,32,'Spend',15.00,'2024-07-12 15:18:54','Spent on 2 digit number  28'),(37,32,'Spend',15.00,'2024-07-12 15:18:54','Spent on 2 digit number  27'),(38,32,'Spend',15.00,'2024-07-12 15:18:54','Spent on 2 digit number  62'),(39,32,'Spend',15.00,'2024-07-12 15:18:54','Spent on 2 digit number  68'),(40,32,'Spend',15.00,'2024-07-12 15:18:54','Spent on 2 digit number  67'),(41,32,'Spend',15.00,'2024-07-12 15:18:54','Spent on 2 digit number  82'),(42,32,'Spend',15.00,'2024-07-12 15:18:54','Spent on 2 digit number  86'),(43,32,'Spend',15.00,'2024-07-12 15:18:54','Spent on 2 digit number  87'),(44,32,'Spend',15.00,'2024-07-12 15:18:54','Spent on 2 digit number  72'),(45,32,'Spend',15.00,'2024-07-12 15:18:54','Spent on 2 digit number  76'),(46,32,'Spend',15.00,'2024-07-12 15:18:54','Spent on 2 digit number  78'),(47,40,'Spend',150.00,'2024-07-24 15:32:27','Spent on 2 digit number  80'),(48,40,'Spend',150.00,'2024-07-24 15:32:27','Spent on 2 digit number  84'),(49,40,'Spend',150.00,'2024-07-24 15:32:27','Spent on 2 digit number  85'),(50,40,'Spend',150.00,'2024-07-24 15:32:27','Spent on 2 digit number  86'),(51,40,'Spend',150.00,'2024-07-24 15:32:27','Spent on 2 digit number  8'),(52,40,'Spend',150.00,'2024-07-24 15:32:27','Spent on 2 digit number  4'),(53,40,'Spend',150.00,'2024-07-24 15:32:27','Spent on 2 digit number  5'),(54,40,'Spend',150.00,'2024-07-24 15:32:27','Spent on 2 digit number  6'),(55,40,'Spend',150.00,'2024-07-24 15:32:27','Spent on 2 digit number  48'),(56,40,'Spend',150.00,'2024-07-24 15:32:27','Spent on 2 digit number  40'),(57,40,'Spend',150.00,'2024-07-24 15:32:27','Spent on 2 digit number  45'),(58,40,'Spend',150.00,'2024-07-24 15:32:27','Spent on 2 digit number  46'),(59,40,'Spend',150.00,'2024-07-24 15:32:27','Spent on 2 digit number  58'),(60,40,'Spend',150.00,'2024-07-24 15:32:27','Spent on 2 digit number  50'),(61,40,'Spend',150.00,'2024-07-24 15:32:27','Spent on 2 digit number  54'),(62,40,'Spend',150.00,'2024-07-24 15:32:27','Spent on 2 digit number  56'),(63,40,'Spend',150.00,'2024-07-24 15:32:27','Spent on 2 digit number  68'),(64,40,'Spend',150.00,'2024-07-24 15:32:27','Spent on 2 digit number  60'),(65,40,'Spend',150.00,'2024-07-24 15:32:27','Spent on 2 digit number  64'),(66,40,'Spend',150.00,'2024-07-24 15:32:27','Spent on 2 digit number  65'),(67,28,'Spend',15.00,'2024-07-27 15:09:23','Spent on 2 digit number  61'),(68,28,'Spend',10.00,'2024-07-27 15:09:34','Spent on 2 digit number  16'),(69,28,'Spend',10.00,'2024-07-27 15:09:40','Spent on 2 digit number  18'),(70,28,'Spend',10.00,'2024-07-27 15:09:52','Spent on 2 digit number  14'),(71,28,'Spend',5.00,'2024-07-27 15:10:07','Spent on 2 digit number  15'),(72,28,'Spend',5.00,'2024-07-27 15:10:16','Spent on 2 digit number  24'),(73,28,'Spend',5.00,'2024-07-27 15:10:21','Spent on 2 digit number  29'),(74,28,'Spend',5.00,'2024-07-27 15:10:33','Spent on 2 digit number  8'),(75,28,'Spend',5.00,'2024-07-27 15:10:38','Spent on 2 digit number  10'),(76,28,'Spend',5.00,'2024-07-27 15:10:48','Spent on 2 digit number  38'),(77,28,'Spend',5.00,'2024-07-27 15:10:55','Spent on 2 digit number  34'),(78,28,'Spend',5.00,'2024-07-27 15:11:04','Spent on 2 digit number  31'),(79,28,'Spend',5.00,'2024-07-27 15:11:13','Spent on 2 digit number  48'),(80,28,'Spend',5.00,'2024-07-27 15:11:19','Spent on 2 digit number  43'),(81,28,'Spend',5.00,'2024-07-27 15:11:25','Spent on 2 digit number  41'),(82,28,'Spend',10.00,'2024-07-27 15:11:31','Spent on 2 digit number  40'),(83,28,'Spend',5.00,'2024-07-27 15:11:54','Spent on 2 digit number  6'),(84,28,'Spend',5.00,'2024-07-27 15:12:05','Spent on 2 digit number  70'),(85,28,'Spend',5.00,'2024-07-27 15:12:14','Spent on 2 digit number  71'),(86,28,'Spend',5.00,'2024-07-27 15:12:27','Spent on 2 digit number  69'),(87,28,'Spend',5.00,'2024-07-27 15:12:43','Spent on 2 digit number  3'),(88,28,'Spend',5.00,'2024-07-27 15:12:56','Spent on 2 digit number  97'),(89,28,'Spend',10.00,'2024-07-27 15:13:08','Spent on 2 digit number  90'),(90,28,'Spend',5.00,'2024-07-27 15:13:16','Spent on 2 digit number  91'),(91,28,'Spend',10.00,'2024-07-28 15:09:28','Spent on 2 digit number  1'),(92,28,'Spend',10.00,'2024-07-28 15:09:35','Spent on 2 digit number  3'),(93,28,'Spend',5.00,'2024-07-28 15:09:43','Spent on 2 digit number  8'),(94,28,'Spend',5.00,'2024-07-28 15:09:52','Spent on 2 digit number  7'),(95,28,'Spend',10.00,'2024-07-28 15:10:13','Spent on 2 digit number  14'),(96,28,'Spend',5.00,'2024-07-28 15:10:28','Spent on 2 digit number  15'),(97,28,'Spend',5.00,'2024-07-28 15:10:34','Spent on 2 digit number  18'),(98,28,'Spend',10.00,'2024-07-28 15:10:45','Spent on 2 digit number  12'),(99,28,'Spend',10.00,'2024-07-28 15:11:05','Spent on 2 digit number  24'),(100,28,'Spend',5.00,'2024-07-28 15:11:14','Spent on 2 digit number  28'),(101,28,'Spend',5.00,'2024-07-28 15:11:23','Spent on 2 digit number  23'),(102,28,'Spend',5.00,'2024-07-28 15:11:33','Spent on 2 digit number  21'),(103,28,'Spend',15.00,'2024-07-28 15:11:44','Spent on 2 digit number  27'),(104,28,'Spend',5.00,'2024-07-28 15:11:55','Spent on 2 digit number  34'),(105,28,'Spend',10.00,'2024-07-28 15:12:01','Spent on 2 digit number  38'),(106,28,'Spend',5.00,'2024-07-28 15:12:09','Spent on 2 digit number  37'),(107,28,'Spend',10.00,'2024-07-28 15:12:42','Spent on 2 digit number  33'),(108,28,'Spend',10.00,'2024-07-28 15:12:51','Spent on 2 digit number  48'),(109,28,'Spend',5.00,'2024-07-28 15:12:59','Spent on 2 digit number  45'),(110,28,'Spend',5.00,'2024-07-28 15:13:06','Spent on 2 digit number  42'),(111,28,'Spend',5.00,'2024-07-28 15:13:11','Spent on 2 digit number  43'),(112,28,'Spend',5.00,'2024-07-28 15:13:17','Spent on 2 digit number  41'),(113,28,'Spend',10.00,'2024-07-28 15:13:46','Spent on 2 digit number  98'),(114,28,'Spend',5.00,'2024-07-28 15:13:57','Spent on 2 digit number  92'),(115,28,'Spend',5.00,'2024-07-28 15:14:05','Spent on 2 digit number  91'),(116,28,'Spend',5.00,'2024-07-28 15:14:12','Spent on 2 digit number  90'),(117,28,'Spend',5.00,'2024-07-28 15:14:26','Spent on 2 digit number  87'),(118,28,'Spend',5.00,'2024-07-28 15:14:33','Spent on 2 digit number  85'),(119,28,'Spend',5.00,'2024-07-28 15:14:39','Spent on 2 digit number  83'),(120,28,'Spend',5.00,'2024-07-28 15:14:47','Spent on 2 digit number  82'),(121,28,'Spend',25.00,'2024-07-28 15:15:17','Spent on 2 digit number  72'),(122,28,'Spend',5.00,'2024-07-28 15:15:23','Spent on 2 digit number  75'),(123,28,'Spend',5.00,'2024-07-28 15:15:31','Spent on 2 digit number  78'),(124,28,'Spend',5.00,'2024-07-28 15:15:39','Spent on 2 digit number  70'),(125,28,'Spend',5.00,'2024-07-28 15:15:44','Spent on 2 digit number  71'),(126,28,'Spend',5.00,'2024-07-28 15:16:07','Spent on 2 digit number  69'),(127,28,'Spend',5.00,'2024-07-28 15:16:16','Spent on 2 digit number  61'),(128,28,'Spend',5.00,'2024-07-28 15:16:29','Spent on 2 digit number  52'),(129,28,'Spend',10.00,'2024-07-29 14:09:42','Spent on 2 digit number  1'),(130,28,'Spend',15.00,'2024-07-29 14:09:52','Spent on 2 digit number  27'),(131,28,'Spend',10.00,'2024-07-29 14:10:06','Spent on 2 digit number  24'),(132,28,'Spend',10.00,'2024-07-29 14:10:16','Spent on 2 digit number  3'),(133,28,'Spend',5.00,'2024-07-29 14:10:21','Spent on 2 digit number  7'),(134,28,'Spend',5.00,'2024-07-29 14:10:26','Spent on 2 digit number  8'),(135,28,'Spend',10.00,'2024-07-29 14:10:37','Spent on 2 digit number  16'),(136,28,'Spend',5.00,'2024-07-29 14:10:45','Spent on 2 digit number  14'),(137,28,'Spend',5.00,'2024-07-29 14:11:09','Spent on 2 digit number  10'),(138,28,'Spend',5.00,'2024-07-29 14:11:15','Spent on 2 digit number  18'),(139,28,'Spend',5.00,'2024-07-29 14:11:25','Spent on 2 digit number  0'),(140,28,'Spend',5.00,'2024-07-29 14:11:35','Spent on 2 digit number  20'),(141,28,'Spend',5.00,'2024-07-29 14:11:47','Spent on 2 digit number  21'),(142,28,'Spend',10.00,'2024-07-29 14:11:53','Spent on 2 digit number  33'),(143,28,'Spend',5.00,'2024-07-29 14:12:00','Spent on 2 digit number  34'),(144,28,'Spend',5.00,'2024-07-29 14:12:05','Spent on 2 digit number  38'),(145,28,'Spend',5.00,'2024-07-29 14:12:29','Spent on 2 digit number  31'),(146,28,'Spend',10.00,'2024-07-29 14:13:06','Spent on 2 digit number  98'),(147,28,'Spend',5.00,'2024-07-29 14:13:14','Spent on 2 digit number  99'),(148,28,'Spend',5.00,'2024-07-29 14:13:22','Spent on 2 digit number  90'),(149,28,'Spend',5.00,'2024-07-29 14:13:30','Spent on 2 digit number  91'),(150,28,'Spend',5.00,'2024-07-29 14:13:37','Spent on 2 digit number  87'),(151,28,'Spend',5.00,'2024-07-29 14:13:43','Spent on 2 digit number  82'),(152,28,'Spend',5.00,'2024-07-29 14:13:49','Spent on 2 digit number  81'),(153,28,'Spend',10.00,'2024-07-29 14:14:03','Spent on 2 digit number  78'),(154,28,'Spend',20.00,'2024-07-29 14:14:14','Spent on 2 digit number  72'),(155,28,'Spend',5.00,'2024-07-29 14:14:21','Spent on 2 digit number  71'),(156,28,'Spend',5.00,'2024-07-29 14:14:28','Spent on 2 digit number  69'),(157,28,'Spend',5.00,'2024-07-29 14:14:35','Spent on 2 digit number  65'),(158,28,'Spend',5.00,'2024-07-29 14:14:41','Spent on 2 digit number  61'),(159,28,'Spend',10.00,'2024-07-29 14:14:52','Spent on 2 digit number  51'),(160,28,'Spend',5.00,'2024-07-29 14:15:07','Spent on 2 digit number  43'),(161,28,'Spend',5.00,'2024-07-29 14:15:19','Spent on 2 digit number  41'),(162,30,'Spend',15.00,'2024-07-29 14:36:00','Spent on 2 digit number  12'),(163,30,'Spend',10.00,'2024-07-29 14:36:25','Spent on 2 digit number  21'),(164,30,'Spend',10.00,'2024-07-29 14:36:38','Spent on 2 digit number  24'),(165,30,'Spend',10.00,'2024-07-29 14:36:54','Spent on 2 digit number  42'),(166,30,'Spend',135.00,'2024-07-29 14:37:38','Spent on first digit number  1'),(167,30,'Spend',100.00,'2024-07-29 14:37:48','Spent on first digit number  2'),(168,40,'Spend',1200.00,'2024-07-29 14:41:20','Spent on first digit number  9'),(169,40,'Spend',100.00,'2024-07-29 14:41:40','Spent on 2 digit number  1'),(170,40,'Spend',100.00,'2024-07-29 14:45:35','Spent on 2 digit number  26'),(171,40,'Spend',100.00,'2024-07-29 14:45:46','Spent on 2 digit number  88'),(172,40,'Spend',150.00,'2024-07-29 14:45:57','Spent on 2 digit number  67'),(173,40,'Spend',100.00,'2024-07-29 14:46:09','Spent on 2 digit number  10'),(174,40,'Spend',150.00,'2024-07-29 14:46:24','Spent on 2 digit number  46'),(175,40,'Spend',150.00,'2024-07-29 14:46:31','Spent on 2 digit number  45'),(176,40,'Spend',100.00,'2024-07-29 14:46:42','Spent on 2 digit number  38'),(177,40,'Spend',150.00,'2024-07-29 14:46:53','Spent on 2 digit number  81'),(178,40,'Spend',100.00,'2024-07-29 14:47:10','Spent on 2 digit number  38'),(179,40,'Spend',100.00,'2024-07-29 14:47:17','Spent on 2 digit number  35'),(180,40,'Spend',100.00,'2024-07-29 14:47:30','Spent on 2 digit number  15'),(181,40,'Spend',100.00,'2024-07-29 14:47:54','Spent on 2 digit number  29'),(182,40,'Spend',100.00,'2024-07-29 14:48:02','Spent on 2 digit number  53'),(183,40,'Spend',200.00,'2024-07-29 14:48:12','Spent on 2 digit number  77'),(184,40,'Spend',100.00,'2024-07-29 14:48:25','Spent on 2 digit number  59'),(185,40,'Spend',40.00,'2024-07-29 14:48:52','Spent on 2 digit number  99'),(186,30,'Winner',750.00,'2024-07-29 15:59:56','First Digit Winner'),(187,30,'Spend',150.00,'2024-07-30 14:16:04','Spent on first digit number  1'),(188,30,'Spend',130.00,'2024-07-30 14:16:18','Spent on first digit number  7'),(189,30,'Spend',5.00,'2024-07-30 14:17:54','Spent on 2 digit number  13'),(190,30,'Spend',5.00,'2024-07-30 14:18:09','Spent on 2 digit number  1'),(191,30,'Spend',5.00,'2024-07-30 14:18:51','Spent on 2 digit number  4'),(192,30,'Spend',5.00,'2024-07-30 14:19:04','Spent on 2 digit number  7'),(193,40,'Spend',150.00,'2024-07-30 14:37:48','Spent on 2 digit number  40'),(194,40,'Spend',150.00,'2024-07-30 14:37:59','Spent on 2 digit number  45'),(195,40,'Spend',150.00,'2024-07-30 14:38:15','Spent on 2 digit number  76'),(196,40,'Spend',150.00,'2024-07-30 14:38:50','Spent on 2 digit number  65'),(197,40,'Spend',150.00,'2024-07-30 14:39:17','Spent on 2 digit number  13'),(198,40,'Spend',150.00,'2024-07-30 14:39:29','Spent on 2 digit number  31'),(199,40,'Spend',150.00,'2024-07-30 14:39:44','Spent on 2 digit number  77'),(200,40,'Spend',150.00,'2024-07-30 14:40:16','Spent on 2 digit number  50'),(201,40,'Spend',150.00,'2024-07-30 14:45:39','Spent on 2 digit number  58'),(202,40,'Spend',150.00,'2024-07-30 14:45:46','Spent on 2 digit number  59'),(203,40,'Spend',150.00,'2024-07-30 14:46:13','Spent on 2 digit number  85'),(204,40,'Spend',150.00,'2024-07-30 14:46:46','Spent on 2 digit number  89'),(205,40,'Spend',150.00,'2024-07-30 15:11:34','Spent on 2 digit number  95'),(206,28,'Spend',10.00,'2024-07-30 15:11:40','Spent on 2 digit number  1'),(207,40,'Spend',150.00,'2024-07-30 15:12:06','Spent on 2 digit number  98'),(208,28,'Spend',35.00,'2024-07-30 15:13:50','Spent on 2 digit number  61'),(209,28,'Spend',15.00,'2024-07-30 15:14:04','Spent on 2 digit number  66'),(210,28,'Spend',5.00,'2024-07-30 15:14:13','Spent on 2 digit number  16'),(211,28,'Spend',5.00,'2024-07-30 15:14:20','Spent on 2 digit number  15'),(212,28,'Spend',10.00,'2024-07-30 15:14:32','Spent on 2 digit number  3'),(213,28,'Spend',30.00,'2024-07-30 15:14:50','Spent on 2 digit number  72'),(214,28,'Spend',5.00,'2024-07-30 15:15:02','Spent on 2 digit number  89'),(215,28,'Spend',5.00,'2024-07-30 15:15:08','Spent on 2 digit number  98'),(216,28,'Spend',10.00,'2024-07-30 15:15:15','Spent on 2 digit number  90'),(217,28,'Spend',10.00,'2024-07-30 15:15:27','Spent on 2 digit number  33'),(218,28,'Spend',5.00,'2024-07-30 15:15:42','Spent on 2 digit number  4'),(219,40,'Spend',1500.00,'2024-07-30 15:16:12','Spent on first digit number  0'),(220,30,'Spend',350.00,'2024-08-01 14:58:30','Spent on first digit number  6'),(221,30,'Spend',150.00,'2024-08-01 14:58:36','Spent on first digit number  4'),(222,40,'Spend',100.00,'2024-08-02 15:02:11','Spent on 2 digit number  06'),(223,40,'Spend',100.00,'2024-08-02 15:02:30','Spent on 2 digit number  10'),(224,40,'Spend',100.00,'2024-08-02 15:02:52','Spent on 2 digit number  41'),(225,40,'Spend',100.00,'2024-08-02 15:03:32','Spent on 2 digit number  87'),(226,40,'Spend',100.00,'2024-08-02 15:03:58','Spent on 2 digit number  88'),(227,40,'Spend',100.00,'2024-08-02 15:04:32','Spent on 2 digit number  79'),(228,40,'Spend',1000.00,'2024-08-02 15:24:59','Spent on 2 digit number  50'),(229,40,'Spend',100.00,'2024-08-03 15:23:24','Spent on 2 digit number  30'),(230,40,'Spend',100.00,'2024-08-03 15:23:38','Spent on 2 digit number  55'),(231,40,'Spend',100.00,'2024-08-03 15:23:50','Spent on 2 digit number  90'),(232,40,'Spend',100.00,'2024-08-03 15:24:00','Spent on 2 digit number  35'),(233,40,'Spend',100.00,'2024-08-03 15:24:16','Spent on 2 digit number  53'),(234,40,'Spend',100.00,'2024-08-03 15:24:28','Spent on 2 digit number  91'),(235,40,'Spend',100.00,'2024-08-03 15:24:42','Spent on 2 digit number  50'),(236,40,'Spend',100.00,'2024-08-03 15:24:53','Spent on 2 digit number  31'),(237,40,'Spend',100.00,'2024-08-03 15:25:06','Spent on 2 digit number  95'),(238,40,'Spend',100.00,'2024-08-03 15:25:16','Spent on 2 digit number  9'),(239,40,'Spend',100.00,'2024-08-03 15:25:26','Spent on 2 digit number  11'),(240,40,'Spend',100.00,'2024-08-03 15:25:37','Spent on 2 digit number  19'),(241,40,'Spend',100.00,'2024-08-03 15:25:54','Spent on 2 digit number  88'),(242,40,'Spend',100.00,'2024-08-03 15:26:06','Spent on 2 digit number  38'),(243,40,'Spend',100.00,'2024-08-03 15:26:17','Spent on 2 digit number  26'),(244,40,'Spend',100.00,'2024-08-03 15:26:29','Spent on 2 digit number  60'),(245,40,'Spend',100.00,'2024-08-03 15:26:44','Spent on 2 digit number  26'),(246,40,'Spend',40.00,'2024-08-03 15:26:55','Spent on 2 digit number  40'),(247,40,'Spend',100.00,'2024-08-03 15:27:09','Spent on 2 digit number  73'),(248,40,'Spend',100.00,'2024-08-03 15:27:23','Spent on 2 digit number  4'),(249,40,'Spend',100.00,'2024-08-03 15:27:30','Spent on 2 digit number  6'),(250,40,'Spend',100.00,'2024-08-03 15:27:43','Spent on 2 digit number  66'),(251,40,'Spend',100.00,'2024-08-03 15:27:50','Spent on 2 digit number  71'),(252,40,'Spend',80.00,'2024-08-03 15:29:42','Spent on 2 digit number  88'),(253,40,'Spend',80.00,'2024-08-03 15:30:03','Spent on 2 digit number  6'),(254,40,'Spend',80.00,'2024-08-03 15:31:01','Spent on 2 digit number  50'),(255,40,'Spend',1000.00,'2024-08-04 15:24:42','Spent on first digit number  4'),(256,40,'Spend',1000.00,'2024-08-04 15:25:20','Spent on second digit number  4'),(257,40,'Winner',7500.00,'2024-08-04 15:57:33','Second Digit Winner'),(258,28,'Spend',20.00,'2024-08-06 15:21:13','Spent on 2 digit number  46'),(259,28,'Spend',10.00,'2024-08-06 15:21:20','Spent on 2 digit number  52'),(260,28,'Spend',10.00,'2024-08-06 15:21:28','Spent on 2 digit number  53'),(261,28,'Spend',10.00,'2024-08-06 15:21:34','Spent on 2 digit number  69'),(262,28,'Spend',10.00,'2024-08-06 15:21:43','Spent on 2 digit number  93'),(263,28,'Spend',10.00,'2024-08-06 15:21:48','Spent on 2 digit number  96'),(264,28,'Spend',10.00,'2024-08-06 15:21:56','Spent on 2 digit number  71'),(265,28,'Spend',10.00,'2024-08-06 15:22:04','Spent on 2 digit number  79'),(266,28,'Spend',10.00,'2024-08-06 15:22:18','Spent on 2 digit number  58'),(267,28,'Spend',10.00,'2024-08-06 15:22:31','Spent on 2 digit number  34'),(268,40,'Spend',200.00,'2024-08-07 14:52:51','Spent on 2 digit number  4'),(269,40,'Spend',200.00,'2024-08-07 14:53:12','Spent on 2 digit number  5'),(270,40,'Spend',200.00,'2024-08-07 14:53:30','Spent on 2 digit number  40'),(271,40,'Spend',200.00,'2024-08-07 14:53:44','Spent on 2 digit number  50'),(272,40,'Spend',200.00,'2024-08-07 14:53:54','Spent on 2 digit number  44'),(273,40,'Spend',200.00,'2024-08-07 14:54:08','Spent on 2 digit number  32'),(274,40,'Spend',200.00,'2024-08-07 14:54:20','Spent on 2 digit number  23'),(275,40,'Spend',200.00,'2024-08-07 14:54:29','Spent on 2 digit number  99'),(276,40,'Spend',200.00,'2024-08-07 14:55:16','Spent on 2 digit number  36'),(277,40,'Spend',200.00,'2024-08-07 14:55:27','Spent on 2 digit number  63'),(278,40,'Spend',200.00,'2024-08-23 15:37:12','Spent on 2 digit number  41'),(279,40,'Spend',200.00,'2024-08-23 15:37:17','Spent on 2 digit number  51'),(280,36,'Spend',10.00,'2024-08-24 15:22:24','Spent on 2 digit number  63'),(281,36,'Spend',10.00,'2024-08-24 15:22:24','Spent on 2 digit number  36'),(282,36,'Spend',10.00,'2024-08-24 15:22:24','Spent on 2 digit number  11'),(283,36,'Spend',10.00,'2024-08-24 15:22:24','Spent on 2 digit number  10'),(284,36,'Spend',10.00,'2024-08-24 15:23:05','Spent on 2 digit number  63'),(285,40,'Spend',100.00,'2024-08-27 15:05:58','Spent on 2 digit number  11'),(286,40,'Spend',100.00,'2024-08-27 15:06:14','Spent on 2 digit number  22'),(287,40,'Spend',100.00,'2024-08-27 15:06:31','Spent on 2 digit number  33'),(288,40,'Spend',100.00,'2024-08-27 15:06:50','Spent on 2 digit number  44'),(289,40,'Spend',100.00,'2024-08-27 15:07:04','Spent on 2 digit number  55'),(290,40,'Spend',100.00,'2024-08-27 15:07:24','Spent on 2 digit number  66'),(291,40,'Spend',100.00,'2024-08-27 15:07:50','Spent on 2 digit number  77'),(292,40,'Spend',100.00,'2024-08-27 15:08:17','Spent on 2 digit number  88'),(293,40,'Spend',100.00,'2024-08-27 15:08:37','Spent on 2 digit number  99'),(294,40,'Spend',100.00,'2024-08-27 15:08:52','Spent on 2 digit number  0'),(295,40,'Spend',100.00,'2024-08-27 15:09:13','Spent on 2 digit number  39'),(296,40,'Spend',100.00,'2024-08-27 15:09:28','Spent on 2 digit number  49'),(297,40,'Spend',100.00,'2024-08-27 15:09:37','Spent on 2 digit number  94'),(298,40,'Spend',100.00,'2024-08-27 15:09:47','Spent on 2 digit number  28'),(299,40,'Spend',100.00,'2024-08-27 15:10:05','Spent on 2 digit number  82'),(300,40,'Spend',100.00,'2024-08-27 15:10:19','Spent on 2 digit number  50'),(301,40,'Spend',100.00,'2024-08-27 15:10:29','Spent on 2 digit number  73'),(302,40,'Spend',100.00,'2024-08-27 15:10:46','Spent on 2 digit number  1'),(303,40,'Spend',100.00,'2024-08-27 15:10:53','Spent on 2 digit number  17'),(304,40,'Spend',100.00,'2024-08-27 15:11:06','Spent on 2 digit number  64'),(305,33,'Spend',300.00,'2024-08-29 16:41:37','Spent on 2 digit number  46'),(306,33,'Spend',300.00,'2024-08-29 16:41:37','Spent on 2 digit number  64'),(307,33,'Spend',300.00,'2024-08-29 16:41:37','Spent on 2 digit number  24'),(308,33,'Spend',300.00,'2024-08-29 16:41:37','Spent on 2 digit number  42'),(309,33,'Spend',300.00,'2024-08-29 16:41:37','Spent on 2 digit number  47'),(310,33,'Spend',300.00,'2024-08-29 16:41:37','Spent on 2 digit number  74'),(311,33,'Spend',300.00,'2024-08-29 16:41:37','Spent on 2 digit number  23'),(312,33,'Spend',300.00,'2024-08-29 16:41:37','Spent on 2 digit number  32'),(313,33,'Spend',300.00,'2024-08-29 16:41:37','Spent on 2 digit number  29'),(314,33,'Spend',300.00,'2024-08-29 16:41:37','Spent on 2 digit number  92'),(315,33,'Spend',300.00,'2024-08-29 16:41:37','Spent on 2 digit number  2'),(316,33,'Spend',300.00,'2024-08-29 16:41:37','Spent on 2 digit number  20'),(317,33,'Spend',300.00,'2024-08-29 16:41:37','Spent on 2 digit number  18'),(318,33,'Spend',300.00,'2024-08-29 16:41:37','Spent on 2 digit number  81'),(319,33,'Spend',300.00,'2024-08-29 16:41:37','Spent on 2 digit number  8'),(320,33,'Spend',300.00,'2024-08-29 16:41:37','Spent on 2 digit number  80'),(321,33,'Spend',300.00,'2024-08-29 16:41:37','Spent on 2 digit number  79'),(322,33,'Spend',300.00,'2024-08-29 16:41:37','Spent on 2 digit number  97'),(323,33,'Spend',300.00,'2024-08-29 16:41:37','Spent on 2 digit number  68'),(324,33,'Spend',300.00,'2024-08-29 16:41:37','Spent on 2 digit number  86'),(325,33,'Spend',300.00,'2024-08-29 16:41:37','Spent on 2 digit number  96'),(326,33,'Spend',300.00,'2024-08-29 16:41:37','Spent on 2 digit number  63'),(327,33,'Spend',300.00,'2024-08-29 16:42:31','Spent on 2 digit number  55'),(328,36,'Spend',50.00,'2024-09-02 14:11:29','Spent on 2 digit number  85'),(329,36,'Spend',30.00,'2024-09-02 14:12:40','Spent on 2 digit number  98'),(330,36,'Spend',30.00,'2024-09-02 14:12:40','Spent on 2 digit number  62'),(331,36,'Spend',10.00,'2024-09-02 14:13:39','Spent on 2 digit number  60'),(332,36,'Spend',10.00,'2024-09-02 14:13:39','Spent on 2 digit number  6'),(333,36,'Spend',10.00,'2024-09-02 14:13:39','Spent on 2 digit number  83'),(334,36,'Spend',10.00,'2024-09-02 14:13:39','Spent on 2 digit number  73'),(335,28,'Spend',15.00,'2024-09-05 14:42:21','Spent on 2 digit number  37'),(336,28,'Spend',10.00,'2024-09-05 14:42:38','Spent on 2 digit number  31'),(337,28,'Spend',5.00,'2024-09-05 14:42:48','Spent on 2 digit number  33'),(338,28,'Spend',5.00,'2024-09-05 14:43:02','Spent on 2 digit number  36'),(339,28,'Spend',10.00,'2024-09-05 14:43:14','Spent on 2 digit number  14'),(340,28,'Spend',10.00,'2024-09-05 14:43:20','Spent on 2 digit number  18'),(341,28,'Spend',5.00,'2024-09-05 14:43:29','Spent on 2 digit number  11'),(342,28,'Spend',5.00,'2024-09-05 14:43:35','Spent on 2 digit number  16'),(343,28,'Spend',5.00,'2024-09-05 14:43:43','Spent on 2 digit number  15'),(344,28,'Spend',10.00,'2024-09-05 14:43:56','Spent on 2 digit number  48'),(345,28,'Spend',10.00,'2024-09-05 14:44:07','Spent on 2 digit number  41'),(346,28,'Spend',10.00,'2024-09-05 14:44:13','Spent on 2 digit number  47'),(347,28,'Spend',5.00,'2024-09-05 14:44:28','Spent on 2 digit number  40'),(348,28,'Spend',5.00,'2024-09-05 14:44:33','Spent on 2 digit number  43'),(349,28,'Spend',5.00,'2024-09-05 14:44:54','Spent on 2 digit number  89'),(350,28,'Spend',10.00,'2024-09-05 14:45:00','Spent on 2 digit number  86'),(351,28,'Spend',5.00,'2024-09-05 14:45:06','Spent on 2 digit number  83'),(352,28,'Spend',5.00,'2024-09-05 14:45:11','Spent on 2 digit number  80'),(353,28,'Spend',5.00,'2024-09-05 14:45:16','Spent on 2 digit number  87'),(354,28,'Spend',10.00,'2024-09-05 14:45:41','Spent on 2 digit number  4'),(355,28,'Spend',5.00,'2024-09-05 14:45:47','Spent on 2 digit number  5'),(356,28,'Spend',5.00,'2024-09-05 14:45:53','Spent on 2 digit number  3'),(357,28,'Spend',5.00,'2024-09-05 14:45:58','Spent on 2 digit number  0'),(358,28,'Spend',5.00,'2024-09-05 14:46:56','Spent on 2 digit number  92'),(359,28,'Spend',5.00,'2024-09-05 14:47:02','Spent on 2 digit number  94'),(360,28,'Spend',5.00,'2024-09-05 14:47:07','Spent on 2 digit number  98'),(361,28,'Spend',5.00,'2024-09-05 14:47:12','Spent on 2 digit number  99'),(362,28,'Spend',5.00,'2024-09-05 14:47:29','Spent on 2 digit number  71'),(363,28,'Spend',5.00,'2024-09-05 14:47:33','Spent on 2 digit number  77'),(364,28,'Spend',5.00,'2024-09-05 14:47:39','Spent on 2 digit number  79'),(365,28,'Spend',5.00,'2024-09-05 14:47:47','Spent on 2 digit number  72'),(366,28,'Spend',5.00,'2024-09-05 14:48:11','Spent on 2 digit number  62'),(367,28,'Spend',5.00,'2024-09-05 14:48:18','Spent on 2 digit number  66'),(368,28,'Spend',5.00,'2024-09-05 14:48:25','Spent on 2 digit number  65'),(369,28,'Spend',5.00,'2024-09-05 14:48:32','Spent on 2 digit number  63'),(370,28,'Spend',5.00,'2024-09-05 14:48:39','Spent on 2 digit number  61'),(371,28,'Spend',5.00,'2024-09-05 14:48:59','Spent on 2 digit number  53'),(372,28,'Spend',5.00,'2024-09-05 14:49:04','Spent on 2 digit number  52'),(373,28,'Winner',420.00,'2024-09-05 16:17:41','Full Number Winner'),(374,28,'Spend',15.00,'2024-09-09 15:14:14','Spent on 2 digit number  3'),(375,28,'Spend',10.00,'2024-09-09 15:14:28','Spent on 2 digit number  0'),(376,28,'Spend',10.00,'2024-09-09 15:14:45','Spent on 2 digit number  5'),(377,28,'Spend',10.00,'2024-09-09 15:15:04','Spent on 2 digit number  5'),(378,28,'Spend',5.00,'2024-09-09 15:15:15','Spent on 2 digit number  0'),(379,28,'Spend',5.00,'2024-09-09 15:15:26','Spent on 2 digit number  16'),(380,28,'Spend',5.00,'2024-09-09 15:16:06','Spent on 2 digit number  14'),(381,28,'Spend',5.00,'2024-09-09 15:16:24','Spent on 2 digit number  18'),(382,28,'Spend',15.00,'2024-09-09 15:20:04','Spent on 2 digit number  25'),(383,28,'Spend',15.00,'2024-09-09 15:20:14','Spent on 2 digit number  52'),(384,28,'Spend',15.00,'2024-09-09 15:20:25','Spent on 2 digit number  75'),(385,28,'Spend',5.00,'2024-09-09 15:20:35','Spent on 2 digit number  77'),(386,28,'Spend',5.00,'2024-09-09 15:20:44','Spent on 2 digit number  86'),(387,28,'Spend',5.00,'2024-09-09 15:24:14','Spent on 2 digit number  26'),(388,28,'Spend',5.00,'2024-09-09 15:24:22','Spent on 2 digit number  24'),(389,28,'Spend',5.00,'2024-09-09 15:24:45','Spent on 2 digit number  21'),(390,28,'Spend',5.00,'2024-09-09 15:24:55','Spent on 2 digit number  33'),(391,28,'Spend',10.00,'2024-09-09 15:25:03','Spent on 2 digit number  45'),(392,28,'Spend',10.00,'2024-09-10 14:33:16','Spent on 2 digit number  5'),(393,28,'Spend',10.00,'2024-09-10 14:33:30','Spent on 2 digit number  4'),(394,28,'Spend',10.00,'2024-09-10 14:33:37','Spent on 2 digit number  3'),(395,28,'Spend',5.00,'2024-09-10 14:33:49','Spent on 2 digit number  0'),(396,28,'Spend',5.00,'2024-09-10 14:33:54','Spent on 2 digit number  6'),(397,28,'Spend',5.00,'2024-09-10 14:34:04','Spent on 2 digit number  14'),(398,28,'Spend',5.00,'2024-09-10 14:34:09','Spent on 2 digit number  18'),(399,28,'Spend',5.00,'2024-09-10 14:34:22','Spent on 2 digit number  21'),(400,28,'Spend',5.00,'2024-09-10 14:34:29','Spent on 2 digit number  20'),(401,28,'Spend',5.00,'2024-09-10 14:34:35','Spent on 2 digit number  27'),(402,28,'Spend',5.00,'2024-09-10 14:34:40','Spent on 2 digit number  26'),(403,28,'Spend',5.00,'2024-09-10 14:34:49','Spent on 2 digit number  31'),(404,28,'Spend',5.00,'2024-09-10 14:34:53','Spent on 2 digit number  38'),(405,28,'Spend',5.00,'2024-09-10 14:34:58','Spent on 2 digit number  39'),(406,28,'Spend',5.00,'2024-09-10 14:35:06','Spent on 2 digit number  37'),(407,28,'Spend',5.00,'2024-09-10 14:35:17','Spent on 2 digit number  41'),(408,28,'Spend',5.00,'2024-09-10 14:35:23','Spent on 2 digit number  47'),(409,28,'Spend',5.00,'2024-09-10 14:35:28','Spent on 2 digit number  48'),(410,28,'Spend',5.00,'2024-09-10 14:35:34','Spent on 2 digit number  45'),(411,28,'Spend',10.00,'2024-09-10 14:35:41','Spent on 2 digit number  40'),(412,28,'Spend',5.00,'2024-09-10 14:35:50','Spent on 2 digit number  58'),(413,28,'Spend',5.00,'2024-09-10 14:36:00','Spent on 2 digit number  50'),(414,28,'Spend',5.00,'2024-09-10 14:36:20','Spent on 2 digit number  53'),(415,28,'Spend',5.00,'2024-09-10 14:36:30','Spent on 2 digit number  66'),(416,28,'Spend',5.00,'2024-09-10 14:36:36','Spent on 2 digit number  65'),(417,28,'Spend',5.00,'2024-09-10 14:36:42','Spent on 2 digit number  61'),(418,28,'Spend',5.00,'2024-09-10 14:36:47','Spent on 2 digit number  60'),(419,28,'Spend',5.00,'2024-09-10 14:36:53','Spent on 2 digit number  62'),(420,28,'Spend',5.00,'2024-09-10 14:36:57','Spent on 2 digit number  72'),(421,28,'Spend',5.00,'2024-09-10 14:37:03','Spent on 2 digit number  77'),(422,28,'Spend',5.00,'2024-09-10 14:37:09','Spent on 2 digit number  73'),(423,28,'Spend',5.00,'2024-09-10 14:37:48','Spent on 2 digit number  94'),(424,28,'Spend',5.00,'2024-09-10 14:37:55','Spent on 2 digit number  92'),(425,28,'Spend',5.00,'2024-09-10 14:38:00','Spent on 2 digit number  91'),(426,28,'Spend',5.00,'2024-09-10 14:38:08','Spent on 2 digit number  83'),(427,28,'Winner',420.00,'2024-09-10 15:58:23','Full Number Winner'),(428,28,'Spend',15.00,'2024-09-11 14:07:27','Spent on 2 digit number  52'),(429,28,'Spend',5.00,'2024-09-11 14:07:47','Spent on 2 digit number  85'),(430,28,'Spend',5.00,'2024-09-11 14:07:53','Spent on 2 digit number  86'),(431,28,'Spend',5.00,'2024-09-11 14:07:58','Spent on 2 digit number  92'),(432,28,'Spend',5.00,'2024-09-11 14:08:13','Spent on 2 digit number  41'),(433,28,'Spend',5.00,'2024-09-11 14:08:19','Spent on 2 digit number  47'),(434,28,'Spend',5.00,'2024-09-11 14:08:36','Spent on 2 digit number  38'),(435,37,'Spend',100.00,'2024-09-26 14:39:33','Spent on 2 digit number  93'),(436,37,'Spend',10.00,'2024-09-26 14:40:06','Spent on 2 digit number  97'),(437,37,'Spend',10.00,'2024-09-26 14:40:06','Spent on 2 digit number  96'),(438,37,'Spend',10.00,'2024-09-26 14:40:06','Spent on 2 digit number  98'),(439,37,'Spend',10.00,'2024-09-26 14:40:06','Spent on 2 digit number  92'),(440,37,'Spend',10.00,'2024-09-26 14:40:06','Spent on 2 digit number  79'),(441,37,'Spend',10.00,'2024-09-26 14:40:06','Spent on 2 digit number  76'),(442,37,'Spend',10.00,'2024-09-26 14:40:06','Spent on 2 digit number  78'),(443,37,'Spend',10.00,'2024-09-26 14:40:06','Spent on 2 digit number  72'),(444,37,'Spend',10.00,'2024-09-26 14:40:06','Spent on 2 digit number  69'),(445,37,'Spend',10.00,'2024-09-26 14:40:06','Spent on 2 digit number  67'),(446,37,'Spend',10.00,'2024-09-26 14:40:06','Spent on 2 digit number  68'),(447,37,'Spend',10.00,'2024-09-26 14:40:07','Spent on 2 digit number  62'),(448,37,'Spend',10.00,'2024-09-26 14:40:07','Spent on 2 digit number  89'),(449,37,'Spend',10.00,'2024-09-26 14:40:07','Spent on 2 digit number  87'),(450,37,'Spend',10.00,'2024-09-26 14:40:07','Spent on 2 digit number  86'),(451,37,'Spend',10.00,'2024-09-26 14:40:07','Spent on 2 digit number  82'),(452,37,'Spend',10.00,'2024-09-26 14:40:07','Spent on 2 digit number  29'),(453,37,'Spend',10.00,'2024-09-26 14:40:07','Spent on 2 digit number  27'),(454,37,'Spend',10.00,'2024-09-26 14:40:07','Spent on 2 digit number  26'),(455,37,'Spend',10.00,'2024-09-26 14:40:07','Spent on 2 digit number  28'),(456,37,'Spend',100.00,'2024-09-27 14:29:23','Spent on 2 digit number  72'),(457,37,'Spend',20.00,'2024-09-27 14:30:17','Spent on 2 digit number  36'),(458,37,'Spend',20.00,'2024-09-27 14:30:17','Spent on 2 digit number  34'),(459,37,'Spend',20.00,'2024-09-27 14:30:17','Spent on 2 digit number  37'),(460,37,'Spend',20.00,'2024-09-27 14:30:17','Spent on 2 digit number  39'),(461,37,'Spend',20.00,'2024-09-27 14:30:17','Spent on 2 digit number  63'),(462,37,'Spend',20.00,'2024-09-27 14:30:17','Spent on 2 digit number  64'),(463,37,'Spend',20.00,'2024-09-27 14:30:17','Spent on 2 digit number  67'),(464,37,'Spend',20.00,'2024-09-27 14:30:17','Spent on 2 digit number  69'),(465,37,'Spend',20.00,'2024-09-27 14:30:17','Spent on 2 digit number  43'),(466,37,'Spend',20.00,'2024-09-27 14:30:17','Spent on 2 digit number  46'),(467,37,'Spend',20.00,'2024-09-27 14:30:17','Spent on 2 digit number  47'),(468,37,'Spend',20.00,'2024-09-27 14:30:17','Spent on 2 digit number  49'),(469,37,'Spend',20.00,'2024-09-27 14:30:17','Spent on 2 digit number  73'),(470,37,'Spend',20.00,'2024-09-27 14:30:17','Spent on 2 digit number  76'),(471,37,'Spend',20.00,'2024-09-27 14:30:17','Spent on 2 digit number  74'),(472,37,'Spend',20.00,'2024-09-27 14:30:17','Spent on 2 digit number  79'),(473,37,'Spend',20.00,'2024-09-27 14:30:17','Spent on 2 digit number  93'),(474,37,'Spend',20.00,'2024-09-27 14:30:17','Spent on 2 digit number  96'),(475,37,'Spend',20.00,'2024-09-27 14:30:17','Spent on 2 digit number  94'),(476,37,'Spend',20.00,'2024-09-27 14:30:17','Spent on 2 digit number  97'),(477,33,'Spend',20.00,'2024-09-30 13:43:26','Spent on second digit number  2'),(478,32,'Spend',20.00,'2024-09-30 13:52:12','Spent on 2 digit number  03'),(479,32,'Spend',20.00,'2024-09-30 13:53:40','Spent on 2 digit number  52'),(480,32,'Spend',20.00,'2024-09-30 13:55:13','Spent on 2 digit number  44'),(481,32,'Spend',20.00,'2024-09-30 13:56:00','Spent on 2 digit number  26'),(482,32,'Spend',20.00,'2024-09-30 13:56:32','Spent on 2 digit number  21'),(483,32,'Spend',25.00,'2024-09-30 13:59:08','Spent on 2 digit number  76'),(484,32,'Spend',10.00,'2024-09-30 14:00:06','Spent on 2 digit number  55'),(485,32,'Spend',50.00,'2024-09-30 15:34:10','Spent on 2 digit number  98'),(486,36,'Spend',10.00,'2024-10-03 14:01:53','Spent on 2 digit number  7'),(487,36,'Spend',10.00,'2024-10-03 14:01:53','Spent on 2 digit number  70'),(488,36,'Spend',10.00,'2024-10-03 14:01:53','Spent on 2 digit number  61'),(489,36,'Spend',10.00,'2024-10-03 14:01:53','Spent on 2 digit number  62'),(490,36,'Spend',10.00,'2024-10-03 14:01:53','Spent on 2 digit number  76'),(491,36,'Spend',10.00,'2024-10-03 14:01:53','Spent on 2 digit number  7'),(492,36,'Spend',10.00,'2024-10-03 14:01:53','Spent on 2 digit number  70'),(493,36,'Spend',10.00,'2024-10-03 14:01:53','Spent on 2 digit number  61'),(494,36,'Spend',10.00,'2024-10-03 14:01:53','Spent on 2 digit number  62'),(495,36,'Spend',10.00,'2024-10-03 14:01:53','Spent on 2 digit number  76'),(496,36,'Spend',10.00,'2024-10-03 14:04:48','Spent on 2 digit number  6'),(497,36,'Spend',10.00,'2024-10-03 14:04:48','Spent on 2 digit number  67'),(498,36,'Spend',10.00,'2024-10-03 14:04:48','Spent on 2 digit number  20'),(499,36,'Spend',10.00,'2024-10-03 14:04:48','Spent on 2 digit number  21'),(500,36,'Spend',10.00,'2024-10-03 14:04:48','Spent on 2 digit number  60'),(501,36,'Spend',10.00,'2024-10-03 14:04:48','Spent on 2 digit number  6'),(502,36,'Spend',10.00,'2024-10-03 14:04:48','Spent on 2 digit number  67'),(503,36,'Spend',10.00,'2024-10-03 14:04:48','Spent on 2 digit number  20'),(504,36,'Spend',10.00,'2024-10-03 14:04:48','Spent on 2 digit number  21'),(505,36,'Spend',10.00,'2024-10-03 14:04:48','Spent on 2 digit number  60'),(506,36,'Spend',5.00,'2024-10-03 14:11:27','Spent on 2 digit number  29'),(507,36,'Spend',5.00,'2024-10-03 14:11:27','Spent on 2 digit number  79'),(508,36,'Spend',5.00,'2024-10-03 14:11:27','Spent on 2 digit number  9'),(509,36,'Spend',5.00,'2024-10-03 14:11:27','Spent on 2 digit number  69'),(510,36,'Spend',5.00,'2024-10-03 14:11:27','Spent on 2 digit number  29'),(511,36,'Spend',5.00,'2024-10-03 14:11:27','Spent on 2 digit number  79'),(512,36,'Spend',5.00,'2024-10-03 14:11:27','Spent on 2 digit number  9'),(513,36,'Spend',5.00,'2024-10-03 14:11:27','Spent on 2 digit number  69'),(514,36,'Winner',840.00,'2024-10-03 16:05:27','Full Number Winner'),(515,28,'Spend',15.00,'2024-10-05 14:18:08','Spent on 2 digit number  80'),(516,28,'Spend',10.00,'2024-10-05 14:18:24','Spent on 2 digit number  77'),(517,28,'Spend',15.00,'2024-10-05 14:18:35','Spent on 2 digit number  78'),(518,28,'Spend',5.00,'2024-10-05 14:18:43','Spent on 2 digit number  75'),(519,28,'Spend',5.00,'2024-10-05 14:18:52','Spent on 2 digit number  71'),(520,28,'Spend',10.00,'2024-10-05 14:19:01','Spent on 2 digit number  62'),(521,28,'Spend',10.00,'2024-10-05 14:19:12','Spent on 2 digit number  63'),(522,28,'Spend',10.00,'2024-10-05 14:19:18','Spent on 2 digit number  67'),(523,28,'Spend',5.00,'2024-10-05 14:19:31','Spent on 2 digit number  50'),(524,28,'Spend',5.00,'2024-10-05 14:19:41','Spent on 2 digit number  58'),(525,28,'Spend',5.00,'2024-10-05 14:19:51','Spent on 2 digit number  48'),(526,28,'Spend',5.00,'2024-10-05 14:19:59','Spent on 2 digit number  37'),(527,28,'Spend',5.00,'2024-10-05 14:20:04','Spent on 2 digit number  38'),(528,28,'Spend',5.00,'2024-10-05 14:20:11','Spent on 2 digit number  30'),(529,28,'Spend',5.00,'2024-10-05 14:20:16','Spent on 2 digit number  31'),(530,28,'Spend',15.00,'2024-10-05 14:20:30','Spent on 2 digit number  21'),(531,28,'Spend',5.00,'2024-10-05 14:20:36','Spent on 2 digit number  27'),(532,28,'Spend',5.00,'2024-10-05 14:20:44','Spent on 2 digit number  22'),(533,28,'Spend',5.00,'2024-10-05 14:21:00','Spent on 2 digit number  13'),(534,28,'Spend',5.00,'2024-10-05 14:21:10','Spent on 2 digit number  19'),(535,28,'Spend',5.00,'2024-10-05 14:21:18','Spent on 2 digit number  4'),(536,28,'Spend',5.00,'2024-10-05 14:21:22','Spent on 2 digit number  7'),(537,28,'Spend',5.00,'2024-10-05 14:21:27','Spent on 2 digit number  6'),(538,28,'Spend',5.00,'2024-10-05 14:21:32','Spent on 2 digit number  5'),(539,28,'Spend',5.00,'2024-10-05 14:21:37','Spent on 2 digit number  3'),(540,28,'Winner',420.00,'2024-10-05 16:12:38','Full Number Winner'),(541,36,'Spend',20.00,'2024-10-07 14:11:24','Spent on 2 digit number  39'),(542,36,'Spend',20.00,'2024-10-07 14:11:24','Spent on 2 digit number  89'),(543,36,'Spend',20.00,'2024-10-07 14:11:25','Spent on 2 digit number  39'),(544,36,'Spend',20.00,'2024-10-07 14:11:25','Spent on 2 digit number  89'),(545,36,'Spend',10.00,'2024-10-07 14:30:20','Spent on 2 digit number  29'),(546,36,'Spend',10.00,'2024-10-07 14:30:20','Spent on 2 digit number  32'),(547,36,'Spend',10.00,'2024-10-07 14:30:20','Spent on 2 digit number  38'),(548,36,'Spend',10.00,'2024-10-07 14:30:20','Spent on 2 digit number  82'),(549,36,'Spend',10.00,'2024-10-07 14:30:20','Spent on 2 digit number  29'),(550,36,'Spend',10.00,'2024-10-07 14:30:20','Spent on 2 digit number  32'),(551,36,'Spend',10.00,'2024-10-07 14:30:20','Spent on 2 digit number  38'),(552,36,'Spend',10.00,'2024-10-07 14:30:20','Spent on 2 digit number  82'),(553,36,'Spend',5.00,'2024-10-07 14:31:56','Spent on 2 digit number  28'),(554,36,'Spend',5.00,'2024-10-07 14:31:56','Spent on 2 digit number  80'),(555,36,'Spend',5.00,'2024-10-07 14:31:56','Spent on 2 digit number  30'),(556,36,'Spend',5.00,'2024-10-07 14:31:56','Spent on 2 digit number  20'),(557,36,'Spend',5.00,'2024-10-07 14:31:56','Spent on 2 digit number  83'),(558,36,'Spend',5.00,'2024-10-07 14:31:58','Spent on 2 digit number  28'),(559,36,'Spend',5.00,'2024-10-07 14:31:58','Spent on 2 digit number  80'),(560,36,'Spend',5.00,'2024-10-07 14:31:58','Spent on 2 digit number  30'),(561,36,'Spend',5.00,'2024-10-07 14:31:58','Spent on 2 digit number  20'),(562,36,'Spend',5.00,'2024-10-07 14:31:58','Spent on 2 digit number  83'),(563,36,'Spend',15.00,'2024-10-08 14:09:02','Spent on 2 digit number  60'),(564,36,'Spend',15.00,'2024-10-08 14:09:02','Spent on 2 digit number  21'),(565,36,'Spend',5.00,'2024-10-08 14:10:00','Spent on 2 digit number  62'),(566,36,'Spend',5.00,'2024-10-08 14:10:00','Spent on 2 digit number  22'),(567,36,'Spend',5.00,'2024-10-08 14:10:00','Spent on 2 digit number  65'),(568,36,'Spend',5.00,'2024-10-08 14:10:00','Spent on 2 digit number  12'),(569,36,'Spend',5.00,'2024-10-08 14:10:00','Spent on 2 digit number  10'),(570,36,'Spend',5.00,'2024-10-08 14:10:00','Spent on 2 digit number  61'),(571,36,'Spend',5.00,'2024-10-08 14:10:00','Spent on 2 digit number  15'),(572,36,'Spend',5.00,'2024-10-08 14:10:00','Spent on 2 digit number  61'),(573,36,'Spend',5.00,'2024-10-08 14:10:00','Spent on 2 digit number  11'),(574,28,'Spend',10.00,'2024-10-08 14:44:20','Spent on 2 digit number  52'),(575,28,'Spend',10.00,'2024-10-08 14:44:33','Spent on 2 digit number  67'),(576,28,'Spend',5.00,'2024-10-08 14:44:50','Spent on 2 digit number  90'),(577,28,'Spend',5.00,'2024-10-08 14:45:00','Spent on 2 digit number  80'),(578,28,'Spend',5.00,'2024-10-08 14:45:07','Spent on 2 digit number  77'),(579,28,'Spend',5.00,'2024-10-08 14:45:50','Spent on 2 digit number  72'),(580,28,'Spend',10.00,'2024-10-08 14:46:02','Spent on 2 digit number  27'),(581,28,'Spend',5.00,'2024-10-08 14:48:01','Spent on 2 digit number  4'),(582,28,'Spend',5.00,'2024-10-08 14:48:01','Spent on 2 digit number  3'),(583,28,'Spend',5.00,'2024-10-08 14:48:01','Spent on 2 digit number  7'),(584,28,'Spend',5.00,'2024-10-08 14:48:01','Spent on 2 digit number  40'),(585,28,'Spend',5.00,'2024-10-08 14:48:01','Spent on 2 digit number  43'),(586,28,'Spend',5.00,'2024-10-08 14:48:01','Spent on 2 digit number  47'),(587,28,'Spend',5.00,'2024-10-08 14:48:01','Spent on 2 digit number  30'),(588,28,'Spend',5.00,'2024-10-08 14:48:01','Spent on 2 digit number  34'),(589,28,'Spend',5.00,'2024-10-08 14:48:01','Spent on 2 digit number  37'),(590,28,'Spend',5.00,'2024-10-08 14:48:01','Spent on 2 digit number  70'),(591,28,'Spend',5.00,'2024-10-08 14:48:01','Spent on 2 digit number  74'),(592,28,'Spend',5.00,'2024-10-08 14:48:01','Spent on 2 digit number  73'),(593,28,'Spend',5.00,'2024-10-08 14:48:01','Spent on 2 digit number  4'),(594,28,'Spend',5.00,'2024-10-08 14:48:01','Spent on 2 digit number  3'),(595,28,'Spend',5.00,'2024-10-08 14:48:01','Spent on 2 digit number  7'),(596,28,'Spend',5.00,'2024-10-08 14:48:01','Spent on 2 digit number  40'),(597,28,'Spend',5.00,'2024-10-08 14:48:01','Spent on 2 digit number  43'),(598,28,'Spend',5.00,'2024-10-08 14:48:01','Spent on 2 digit number  47'),(599,28,'Spend',5.00,'2024-10-08 14:48:01','Spent on 2 digit number  30'),(600,28,'Spend',5.00,'2024-10-08 14:48:01','Spent on 2 digit number  34'),(601,28,'Spend',5.00,'2024-10-08 14:48:01','Spent on 2 digit number  37'),(602,28,'Spend',5.00,'2024-10-08 14:48:01','Spent on 2 digit number  70'),(603,28,'Spend',5.00,'2024-10-08 14:48:01','Spent on 2 digit number  74'),(604,28,'Spend',5.00,'2024-10-08 14:48:01','Spent on 2 digit number  73'),(605,40,'Spend',40.00,'2024-10-18 15:42:26','Spent on 2 digit number  14'),(606,40,'Spend',50.00,'2024-10-18 15:42:46','Spent on 2 digit number  41'),(607,40,'Spend',300.00,'2024-10-18 15:43:00','Spent on 2 digit number  52'),(608,40,'Spend',250.00,'2024-10-18 15:43:23','Spent on 2 digit number  55'),(609,40,'Spend',150.00,'2024-10-18 15:43:42','Spent on 2 digit number  41'),(610,40,'Spend',150.00,'2024-10-18 15:44:08','Spent on 2 digit number  14'),(611,40,'Spend',30.00,'2024-10-18 15:47:30','Spent on 2 digit number  4'),(612,40,'Spend',40.00,'2024-10-18 15:49:57','Spent on 2 digit number  88'),(613,40,'Spend',100.00,'2024-10-22 14:38:40','Spent on 2 digit number  34'),(614,40,'Spend',100.00,'2024-10-22 14:38:47','Spent on 2 digit number  43'),(615,40,'Spend',100.00,'2024-10-22 14:38:56','Spent on 2 digit number  36'),(616,40,'Spend',100.00,'2024-10-22 14:39:06','Spent on 2 digit number  63'),(617,40,'Spend',100.00,'2024-10-22 14:39:14','Spent on 2 digit number  38'),(618,40,'Spend',100.00,'2024-10-22 14:39:21','Spent on 2 digit number  83'),(619,40,'Spend',100.00,'2024-10-22 14:39:34','Spent on 2 digit number  93'),(620,40,'Spend',100.00,'2024-10-22 14:39:44','Spent on 2 digit number  39'),(621,40,'Spend',100.00,'2024-10-22 14:40:04','Spent on 2 digit number  9'),(622,40,'Spend',30.00,'2024-10-22 14:41:21','Spent on 2 digit number  33'),(623,40,'Spend',30.00,'2024-10-22 14:41:27','Spent on 2 digit number  34'),(624,40,'Spend',1500.00,'2024-11-02 15:36:35','Spent on first digit number  3'),(625,40,'Spend',1500.00,'2024-11-02 15:36:44','Spent on first digit number  6'),(626,40,'Spend',1500.00,'2024-11-02 15:36:52','Spent on first digit number  9'),(627,40,'Winner',11250.00,'2024-11-02 15:59:07','First Digit Winner'),(628,40,'Spend',100.00,'2024-11-12 14:21:36','Spent on 2 digit number  03'),(629,40,'Spend',100.00,'2024-11-12 14:21:55','Spent on 2 digit number  07'),(630,40,'Spend',100.00,'2024-11-12 14:22:11','Spent on 2 digit number  30'),(631,40,'Spend',100.00,'2024-11-12 14:22:25','Spent on 2 digit number  16'),(632,40,'Spend',100.00,'2024-11-12 14:22:34','Spent on 2 digit number  26'),(633,40,'Spend',100.00,'2024-11-12 14:22:49','Spent on 2 digit number  48'),(634,40,'Spend',100.00,'2024-11-12 14:22:56','Spent on 2 digit number  52'),(635,40,'Spend',100.00,'2024-11-12 14:23:26','Spent on 2 digit number  65'),(636,40,'Spend',100.00,'2024-11-12 14:23:38','Spent on 2 digit number  73'),(637,40,'Spend',100.00,'2024-11-12 14:23:54','Spent on 2 digit number  84'),(638,40,'Spend',100.00,'2024-11-12 14:24:05','Spent on 2 digit number  94'),(639,40,'Spend',100.00,'2024-11-12 14:24:25','Spent on 2 digit number  97'),(640,40,'Spend',40.00,'2024-11-15 15:25:55','Spent on 2 digit number  23'),(641,40,'Spend',40.00,'2024-11-15 15:26:05','Spent on 2 digit number  10'),(642,40,'Spend',40.00,'2024-11-15 15:26:13','Spent on 2 digit number  22'),(643,40,'Spend',40.00,'2024-11-15 15:26:23','Spent on 2 digit number  32'),(644,40,'Spend',40.00,'2024-11-15 15:26:30','Spent on 2 digit number  33'),(645,40,'Spend',40.00,'2024-11-15 15:26:38','Spent on 2 digit number  43'),(646,40,'Spend',40.00,'2024-11-15 15:27:07','Spent on 2 digit number  57'),(647,40,'Spend',40.00,'2024-11-15 15:27:15','Spent on 2 digit number  61'),(648,40,'Spend',40.00,'2024-11-15 15:27:26','Spent on 2 digit number  78'),(649,40,'Spend',40.00,'2024-11-15 15:27:36','Spent on 2 digit number  96'),(650,40,'Spend',40.00,'2024-11-15 15:27:45','Spent on 2 digit number  87'),(651,40,'Spend',40.00,'2024-11-15 15:28:08','Spent on 2 digit number  4'),(652,40,'Spend',500.00,'2024-11-15 15:32:10','Spent on 2 digit number  55'),(653,40,'Spend',400.00,'2024-11-15 15:32:20','Spent on 2 digit number  93'),(654,40,'Winner',3360.00,'2024-11-15 16:03:08','Full Number Winner'),(655,29,'Spend',50.00,'2024-11-17 15:21:59','Spent on 2 digit number  19'),(656,29,'Spend',150.00,'2024-11-17 15:22:17','Spent on first digit number  1'),(657,29,'Spend',50.00,'2024-11-20 15:31:09','Spent on 2 digit number  64'),(658,29,'Spend',50.00,'2024-11-20 15:31:16','Spent on 2 digit number  68'),(659,29,'Spend',50.00,'2024-11-20 15:31:30','Spent on 2 digit number  84'),(660,29,'Spend',50.00,'2024-11-20 15:31:36','Spent on 2 digit number  81'),(661,30,'Spend',150.00,'2024-11-22 14:39:00','Spent on 2 digit number  62'),(662,30,'Spend',150.00,'2024-11-22 14:39:00','Spent on 2 digit number  19'),(663,30,'Spend',150.00,'2024-11-22 14:39:00','Spent on 2 digit number  21'),(664,30,'Spend',150.00,'2024-11-22 14:39:00','Spent on 2 digit number  12'),(665,30,'Spend',150.00,'2024-11-22 14:39:00','Spent on 2 digit number  16'),(666,30,'Spend',150.00,'2024-11-22 14:39:00','Spent on 2 digit number  61'),(667,30,'Spend',175.00,'2024-11-22 14:39:24','Spent on 2 digit number  18'),(668,30,'Spend',800.00,'2024-11-22 14:39:42','Spent on first digit number  2'),(669,28,'Spend',350.00,'2024-11-23 14:20:50','Spent on first digit number  1'),(670,28,'Spend',150.00,'2024-11-23 14:21:00','Spent on 2 digit number  12'),(671,28,'Spend',15.00,'2024-11-23 14:46:07','Spent on 2 digit number  0'),(672,28,'Spend',5.00,'2024-11-23 14:46:29','Spent on 2 digit number  11'),(673,28,'Spend',10.00,'2024-11-23 14:46:34','Spent on 2 digit number  22'),(674,28,'Spend',10.00,'2024-11-23 14:46:42','Spent on 2 digit number  33'),(675,28,'Spend',5.00,'2024-11-23 14:46:53','Spent on 2 digit number  44'),(676,28,'Spend',5.00,'2024-11-23 14:46:57','Spent on 2 digit number  55'),(677,28,'Spend',10.00,'2024-11-23 14:47:03','Spent on 2 digit number  66'),(678,28,'Spend',10.00,'2024-11-23 14:47:31','Spent on 2 digit number  77'),(679,28,'Spend',5.00,'2024-11-23 14:47:42','Spent on 2 digit number  88'),(680,28,'Spend',10.00,'2024-11-23 14:47:48','Spent on 2 digit number  99'),(681,28,'Spend',10.00,'2024-11-23 14:48:04','Spent on 2 digit number  2'),(682,28,'Spend',5.00,'2024-11-23 14:48:17','Spent on 2 digit number  6'),(683,28,'Spend',5.00,'2024-11-23 14:48:21','Spent on 2 digit number  8'),(684,28,'Spend',35.00,'2024-11-23 14:48:32','Spent on 2 digit number  4'),(685,28,'Spend',10.00,'2024-11-23 14:48:44','Spent on 2 digit number  19'),(686,28,'Spend',10.00,'2024-11-23 14:48:53','Spent on 2 digit number  15'),(687,28,'Spend',5.00,'2024-11-23 14:49:03','Spent on 2 digit number  16'),(688,28,'Spend',5.00,'2024-11-23 14:49:11','Spent on 2 digit number  12'),(689,28,'Spend',15.00,'2024-11-23 14:49:26','Spent on 2 digit number  26'),(690,28,'Spend',5.00,'2024-11-23 14:49:33','Spent on 2 digit number  27'),(691,28,'Spend',10.00,'2024-11-23 14:49:40','Spent on 2 digit number  25'),(692,28,'Spend',10.00,'2024-11-23 14:49:51','Spent on 2 digit number  32'),(693,28,'Spend',5.00,'2024-11-23 14:49:56','Spent on 2 digit number  38'),(694,28,'Spend',5.00,'2024-11-23 14:50:07','Spent on 2 digit number  34'),(695,28,'Spend',10.00,'2024-11-23 14:50:15','Spent on 2 digit number  48'),(696,28,'Spend',10.00,'2024-11-23 14:50:23','Spent on 2 digit number  40'),(697,28,'Spend',5.00,'2024-11-23 14:50:31','Spent on 2 digit number  43'),(698,28,'Spend',5.00,'2024-11-23 14:50:37','Spent on 2 digit number  49'),(699,28,'Spend',5.00,'2024-11-23 14:51:03','Spent on 2 digit number  91'),(700,28,'Spend',5.00,'2024-11-23 14:51:08','Spent on 2 digit number  98'),(701,28,'Spend',5.00,'2024-11-23 14:51:15','Spent on 2 digit number  92'),(702,28,'Spend',5.00,'2024-11-23 14:51:26','Spent on 2 digit number  97'),(703,28,'Spend',5.00,'2024-11-23 14:52:53','Spent on 2 digit number  82'),(704,28,'Spend',15.00,'2024-11-23 14:52:59','Spent on 2 digit number  83'),(705,28,'Spend',5.00,'2024-11-23 14:53:03','Spent on 2 digit number  89'),(706,28,'Spend',5.00,'2024-11-23 14:53:11','Spent on 2 digit number  81'),(707,28,'Spend',5.00,'2024-11-23 14:53:19','Spent on 2 digit number  80'),(708,28,'Spend',5.00,'2024-11-23 14:53:27','Spent on 2 digit number  79'),(709,28,'Spend',10.00,'2024-11-23 14:53:34','Spent on 2 digit number  76'),(710,28,'Spend',5.00,'2024-11-23 14:53:41','Spent on 2 digit number  70'),(711,28,'Spend',5.00,'2024-11-23 14:53:46','Spent on 2 digit number  71'),(712,28,'Spend',10.00,'2024-11-23 14:53:58','Spent on 2 digit number  68'),(713,28,'Spend',5.00,'2024-11-23 14:54:05','Spent on 2 digit number  67'),(714,28,'Spend',5.00,'2024-11-23 14:54:13','Spent on 2 digit number  61'),(715,28,'Spend',5.00,'2024-11-23 14:54:18','Spent on 2 digit number  63'),(716,28,'Spend',15.00,'2024-11-23 14:54:24','Spent on 2 digit number  62'),(717,28,'Spend',5.00,'2024-11-23 14:54:34','Spent on 2 digit number  50'),(718,28,'Spend',5.00,'2024-11-23 14:54:40','Spent on 2 digit number  56'),(719,28,'Spend',5.00,'2024-11-23 14:54:45','Spent on 2 digit number  58'),(720,28,'Spend',5.00,'2024-11-23 14:54:52','Spent on 2 digit number  54'),(721,28,'Spend',5.00,'2024-11-23 14:54:59','Spent on 2 digit number  53'),(722,28,'Spend',10.00,'2024-11-23 14:55:05','Spent on 2 digit number  52'),(723,28,'Spend',5.00,'2024-11-23 14:55:11','Spent on 2 digit number  51'),(724,28,'Spend',5.00,'2024-11-23 14:55:20','Spent on 2 digit number  78'),(725,28,'Spend',25.00,'2024-11-23 14:56:17','Spent on 2 digit number  40'),(726,28,'Spend',5.00,'2024-11-23 14:56:25','Spent on 2 digit number  47'),(727,29,'Spend',50.00,'2024-11-23 15:26:45','Spent on 2 digit number  38'),(728,29,'Spend',50.00,'2024-11-23 15:27:04','Spent on 2 digit number  33'),(729,29,'Spend',200.00,'2024-11-23 15:27:18','Spent on first digit number  3'),(730,28,'Winner',420.00,'2024-11-23 15:59:48','Full Number Winner');
/*!40000 ALTER TABLE `transactions` ENABLE KEYS */;
UNLOCK TABLES;
/*!40103 SET TIME_ZONE=@OLD_TIME_ZONE */;

/*!40101 SET SQL_MODE=@OLD_SQL_MODE */;
/*!40014 SET FOREIGN_KEY_CHECKS=@OLD_FOREIGN_KEY_CHECKS */;
/*!40014 SET UNIQUE_CHECKS=@OLD_UNIQUE_CHECKS */;
/*!40101 SET CHARACTER_SET_CLIENT=@OLD_CHARACTER_SET_CLIENT */;
/*!40101 SET CHARACTER_SET_RESULTS=@OLD_CHARACTER_SET_RESULTS */;
/*!40101 SET COLLATION_CONNECTION=@OLD_COLLATION_CONNECTION */;
/*!40111 SET SQL_NOTES=@OLD_SQL_NOTES */;

-- Dump completed on 2024-11-23 17:05:26
