-- MySQL dump 10.13  Distrib 8.0.39, for Linux (x86_64)
--
-- Host: localhost    Database: asmitixc_game6
-- ------------------------------------------------------
-- Server version	8.0.39-cll-lve

/*!40101 SET @OLD_CHARACTER_SET_CLIENT=@@CHARACTER_SET_CLIENT */;
/*!40101 SET @OLD_CHARACTER_SET_RESULTS=@@CHARACTER_SET_RESULTS */;
/*!40101 SET @OLD_COLLATION_CONNECTION=@@COLLATION_CONNECTION */;
/*!50503 SET NAMES utf8mb4 */;
/*!40103 SET @OLD_TIME_ZONE=@@TIME_ZONE */;
/*!40103 SET TIME_ZONE='+00:00' */;
/*!40014 SET @OLD_UNIQUE_CHECKS=@@UNIQUE_CHECKS, UNIQUE_CHECKS=0 */;
/*!40014 SET @OLD_FOREIGN_KEY_CHECKS=@@FOREIGN_KEY_CHECKS, FOREIGN_KEY_CHECKS=0 */;
/*!40101 SET @OLD_SQL_MODE=@@SQL_MODE, SQL_MODE='NO_AUTO_VALUE_ON_ZERO' */;
/*!40111 SET @OLD_SQL_NOTES=@@SQL_NOTES, SQL_NOTES=0 */;

--
-- Table structure for table `admin_control`
--

DROP TABLE IF EXISTS `admin_control`;
/*!40101 SET @saved_cs_client     = @@character_set_client */;
/*!50503 SET character_set_client = utf8mb4 */;
CREATE TABLE `admin_control` (
  `id` int NOT NULL AUTO_INCREMENT,
  `run_function` tinyint(1) DEFAULT NULL,
  PRIMARY KEY (`id`)
) ENGINE=InnoDB AUTO_INCREMENT=2 DEFAULT CHARSET=latin1;
/*!40101 SET character_set_client = @saved_cs_client */;

--
-- Dumping data for table `admin_control`
--

LOCK TABLES `admin_control` WRITE;
/*!40000 ALTER TABLE `admin_control` DISABLE KEYS */;
INSERT INTO `admin_control` VALUES (1,0);
/*!40000 ALTER TABLE `admin_control` ENABLE KEYS */;
UNLOCK TABLES;

--
-- Table structure for table `biddetails`
--

DROP TABLE IF EXISTS `biddetails`;
/*!40101 SET @saved_cs_client     = @@character_set_client */;
/*!50503 SET character_set_client = utf8mb4 */;
CREATE TABLE `biddetails` (
  `id` int NOT NULL AUTO_INCREMENT,
  `user_id` int DEFAULT NULL,
  `bid_number` int DEFAULT NULL,
  `bid_amount` decimal(10,2) DEFAULT NULL,
  `bid_date` timestamp NULL DEFAULT NULL,
  PRIMARY KEY (`id`),
  KEY `FK_User` (`user_id`)
) ENGINE=InnoDB AUTO_INCREMENT=2378 DEFAULT CHARSET=latin1;
/*!40101 SET character_set_client = @saved_cs_client */;

--
-- Dumping data for table `biddetails`
--

LOCK TABLES `biddetails` WRITE;
/*!40000 ALTER TABLE `biddetails` DISABLE KEYS */;
/*!40000 ALTER TABLE `biddetails` ENABLE KEYS */;
UNLOCK TABLES;

--
-- Table structure for table `first_digit`
--

DROP TABLE IF EXISTS `first_digit`;
/*!40101 SET @saved_cs_client     = @@character_set_client */;
/*!50503 SET character_set_client = utf8mb4 */;
CREATE TABLE `first_digit` (
  `id` int NOT NULL AUTO_INCREMENT,
  `number` int NOT NULL,
  `amount` int NOT NULL,
  PRIMARY KEY (`id`)
) ENGINE=InnoDB AUTO_INCREMENT=11 DEFAULT CHARSET=latin1;
/*!40101 SET character_set_client = @saved_cs_client */;

--
-- Dumping data for table `first_digit`
--

LOCK TABLES `first_digit` WRITE;
/*!40000 ALTER TABLE `first_digit` DISABLE KEYS */;
INSERT INTO `first_digit` VALUES (1,0,0),(2,1,0),(3,2,0),(4,3,0),(5,4,0),(6,5,0),(7,6,0),(8,7,0),(9,8,0),(10,9,0);
/*!40000 ALTER TABLE `first_digit` ENABLE KEYS */;
UNLOCK TABLES;

--
-- Table structure for table `firstbiddetails`
--

DROP TABLE IF EXISTS `firstbiddetails`;
/*!40101 SET @saved_cs_client     = @@character_set_client */;
/*!50503 SET character_set_client = utf8mb4 */;
CREATE TABLE `firstbiddetails` (
  `fid` int NOT NULL AUTO_INCREMENT,
  `user_id` int DEFAULT NULL,
  `bid_number` int DEFAULT NULL,
  `bid_amount` int DEFAULT NULL,
  `bid_date` timestamp NOT NULL DEFAULT CURRENT_TIMESTAMP ON UPDATE CURRENT_TIMESTAMP,
  PRIMARY KEY (`fid`),
  KEY `user_id` (`user_id`)
) ENGINE=InnoDB AUTO_INCREMENT=132 DEFAULT CHARSET=latin1;
/*!40101 SET character_set_client = @saved_cs_client */;

--
-- Dumping data for table `firstbiddetails`
--

LOCK TABLES `firstbiddetails` WRITE;
/*!40000 ALTER TABLE `firstbiddetails` DISABLE KEYS */;
/*!40000 ALTER TABLE `firstbiddetails` ENABLE KEYS */;
UNLOCK TABLES;

--
-- Table structure for table `input_time`
--

DROP TABLE IF EXISTS `input_time`;
/*!40101 SET @saved_cs_client     = @@character_set_client */;
/*!50503 SET character_set_client = utf8mb4 */;
CREATE TABLE `input_time` (
  `id` int NOT NULL AUTO_INCREMENT,
  `time` time NOT NULL,
  PRIMARY KEY (`id`)
) ENGINE=InnoDB AUTO_INCREMENT=2 DEFAULT CHARSET=latin1;
/*!40101 SET character_set_client = @saved_cs_client */;

--
-- Dumping data for table `input_time`
--

LOCK TABLES `input_time` WRITE;
/*!40000 ALTER TABLE `input_time` DISABLE KEYS */;
INSERT INTO `input_time` VALUES (1,'23:38:00');
/*!40000 ALTER TABLE `input_time` ENABLE KEYS */;
UNLOCK TABLES;

--
-- Table structure for table `luckynumber`
--

DROP TABLE IF EXISTS `luckynumber`;
/*!40101 SET @saved_cs_client     = @@character_set_client */;
/*!50503 SET character_set_client = utf8mb4 */;
CREATE TABLE `luckynumber` (
  `id` int NOT NULL AUTO_INCREMENT,
  `number` int NOT NULL,
  `amount` int NOT NULL,
  PRIMARY KEY (`id`)
) ENGINE=InnoDB AUTO_INCREMENT=2 DEFAULT CHARSET=latin1;
/*!40101 SET character_set_client = @saved_cs_client */;

--
-- Dumping data for table `luckynumber`
--

LOCK TABLES `luckynumber` WRITE;
/*!40000 ALTER TABLE `luckynumber` DISABLE KEYS */;
INSERT INTO `luckynumber` VALUES (1,0,0);
/*!40000 ALTER TABLE `luckynumber` ENABLE KEYS */;
UNLOCK TABLES;

--
-- Table structure for table `market`
--

DROP TABLE IF EXISTS `market`;
/*!40101 SET @saved_cs_client     = @@character_set_client */;
/*!50503 SET character_set_client = utf8mb4 */;
CREATE TABLE `market` (
  `suspend` tinyint(1) NOT NULL DEFAULT '0'
) ENGINE=InnoDB DEFAULT CHARSET=latin1;
/*!40101 SET character_set_client = @saved_cs_client */;

--
-- Dumping data for table `market`
--

LOCK TABLES `market` WRITE;
/*!40000 ALTER TABLE `market` DISABLE KEYS */;
INSERT INTO `market` VALUES (0);
/*!40000 ALTER TABLE `market` ENABLE KEYS */;
UNLOCK TABLES;

--
-- Table structure for table `number_table`
--

DROP TABLE IF EXISTS `number_table`;
/*!40101 SET @saved_cs_client     = @@character_set_client */;
/*!50503 SET character_set_client = utf8mb4 */;
CREATE TABLE `number_table` (
  `id` int NOT NULL AUTO_INCREMENT,
  `number` int DEFAULT NULL,
  `amount` int DEFAULT NULL,
  `created_at` timestamp NOT NULL DEFAULT CURRENT_TIMESTAMP,
  PRIMARY KEY (`id`)
) ENGINE=InnoDB AUTO_INCREMENT=101 DEFAULT CHARSET=utf8mb4 COLLATE=utf8mb4_general_ci;
/*!40101 SET character_set_client = @saved_cs_client */;

--
-- Dumping data for table `number_table`
--

LOCK TABLES `number_table` WRITE;
/*!40000 ALTER TABLE `number_table` DISABLE KEYS */;
INSERT INTO `number_table` VALUES (1,0,0,'2023-06-07 13:03:22'),(2,1,0,'2023-06-07 13:03:22'),(3,2,0,'2023-06-07 13:03:22'),(4,3,0,'2023-06-07 13:03:22'),(5,4,0,'2023-06-07 13:03:22'),(6,5,0,'2023-06-07 13:03:22'),(7,6,0,'2023-06-07 13:03:22'),(8,7,0,'2023-06-07 13:03:22'),(9,8,0,'2023-06-07 13:03:22'),(10,9,0,'2023-06-07 13:03:22'),(11,10,0,'2023-06-07 13:03:22'),(12,11,0,'2023-06-07 13:03:22'),(13,12,0,'2023-06-07 13:03:22'),(14,13,0,'2023-06-07 13:03:22'),(15,14,0,'2023-06-07 13:03:22'),(16,15,0,'2023-06-07 13:03:22'),(17,16,0,'2023-06-07 13:03:22'),(18,17,0,'2023-06-07 13:03:22'),(19,18,0,'2023-06-07 13:03:22'),(20,19,0,'2023-06-07 13:03:22'),(21,20,0,'2023-06-07 13:03:22'),(22,21,0,'2023-06-07 13:03:22'),(23,22,0,'2023-06-07 13:03:22'),(24,23,0,'2023-06-07 13:03:22'),(25,24,0,'2023-06-07 13:03:22'),(26,25,0,'2023-06-07 13:03:22'),(27,26,0,'2023-06-07 13:03:22'),(28,27,0,'2023-06-07 13:03:22'),(29,28,0,'2023-06-07 13:03:22'),(30,29,0,'2023-06-07 13:03:22'),(31,30,0,'2023-06-07 13:03:22'),(32,31,0,'2023-06-07 13:03:22'),(33,32,0,'2023-06-07 13:03:22'),(34,33,0,'2023-06-07 13:03:22'),(35,34,0,'2023-06-07 13:03:22'),(36,35,0,'2023-06-07 13:03:22'),(37,36,0,'2023-06-07 13:03:22'),(38,37,0,'2023-06-07 13:03:22'),(39,38,0,'2023-06-07 13:03:22'),(40,39,0,'2023-06-07 13:03:22'),(41,40,0,'2023-06-07 13:03:22'),(42,41,0,'2023-06-07 13:03:22'),(43,42,0,'2023-06-07 13:03:22'),(44,43,0,'2023-06-07 13:03:22'),(45,44,0,'2023-06-07 13:03:22'),(46,45,0,'2023-06-07 13:03:22'),(47,46,0,'2023-06-07 13:03:22'),(48,47,0,'2023-06-07 13:03:22'),(49,48,0,'2023-06-07 13:03:22'),(50,49,0,'2023-06-07 13:03:22'),(51,50,0,'2023-06-07 13:03:22'),(52,51,0,'2023-06-07 13:03:22'),(53,52,0,'2023-06-07 13:03:22'),(54,53,0,'2023-06-07 13:03:22'),(55,54,0,'2023-06-07 13:03:22'),(56,55,0,'2023-06-07 13:03:22'),(57,56,0,'2023-06-07 13:03:22'),(58,57,0,'2023-06-07 13:03:22'),(59,58,0,'2023-06-07 13:03:22'),(60,59,0,'2023-06-07 13:03:22'),(61,60,0,'2023-06-07 13:03:22'),(62,61,0,'2023-06-07 13:03:22'),(63,62,0,'2023-06-07 13:03:22'),(64,63,0,'2023-06-07 13:03:22'),(65,64,0,'2023-06-07 13:03:22'),(66,65,0,'2023-06-07 13:03:22'),(67,66,0,'2023-06-07 13:03:22'),(68,67,0,'2023-06-07 13:03:22'),(69,68,0,'2023-06-07 13:03:22'),(70,69,0,'2023-06-07 13:03:22'),(71,70,0,'2023-06-07 13:03:22'),(72,71,0,'2023-06-07 13:03:22'),(73,72,0,'2023-06-07 13:03:22'),(74,73,0,'2023-06-07 13:03:22'),(75,74,0,'2023-06-07 13:03:22'),(76,75,0,'2023-06-07 13:03:22'),(77,76,0,'2023-06-07 13:03:22'),(78,77,0,'2023-06-07 13:03:22'),(79,78,0,'2023-06-07 13:03:22'),(80,79,0,'2023-06-07 13:03:22'),(81,80,0,'2023-06-07 13:03:22'),(82,81,0,'2023-06-07 13:03:22'),(83,82,0,'2023-06-07 13:03:22'),(84,83,0,'2023-06-07 13:03:22'),(85,84,0,'2023-06-07 13:03:22'),(86,85,0,'2023-06-07 13:03:22'),(87,86,0,'2023-06-07 13:03:22'),(88,87,0,'2023-06-07 13:03:22'),(89,88,0,'2023-06-07 13:03:22'),(90,89,0,'2023-06-07 13:03:22'),(91,90,0,'2023-06-07 13:03:22'),(92,91,0,'2023-06-07 13:03:22'),(93,92,0,'2023-06-07 13:03:22'),(94,93,0,'2023-06-07 13:03:22'),(95,94,0,'2023-06-07 13:03:22'),(96,95,0,'2023-06-07 13:03:22'),(97,96,0,'2023-06-07 13:03:22'),(98,97,0,'2023-06-07 13:03:22'),(99,98,0,'2023-06-07 13:03:22'),(100,99,0,'2023-06-07 13:03:22');
/*!40000 ALTER TABLE `number_table` ENABLE KEYS */;
UNLOCK TABLES;

--
-- Table structure for table `profit_percent`
--

DROP TABLE IF EXISTS `profit_percent`;
/*!40101 SET @saved_cs_client     = @@character_set_client */;
/*!50503 SET character_set_client = utf8mb4 */;
CREATE TABLE `profit_percent` (
  `id` int NOT NULL AUTO_INCREMENT,
  `digit` int NOT NULL,
  `percentage` float NOT NULL,
  PRIMARY KEY (`id`)
) ENGINE=InnoDB AUTO_INCREMENT=4 DEFAULT CHARSET=latin1;
/*!40101 SET character_set_client = @saved_cs_client */;

--
-- Dumping data for table `profit_percent`
--

LOCK TABLES `profit_percent` WRITE;
/*!40000 ALTER TABLE `profit_percent` DISABLE KEYS */;
INSERT INTO `profit_percent` VALUES (1,0,8400),(2,1,750),(3,3,750);
/*!40000 ALTER TABLE `profit_percent` ENABLE KEYS */;
UNLOCK TABLES;

--
-- Table structure for table `second_digit`
--

DROP TABLE IF EXISTS `second_digit`;
/*!40101 SET @saved_cs_client     = @@character_set_client */;
/*!50503 SET character_set_client = utf8mb4 */;
CREATE TABLE `second_digit` (
  `id` int NOT NULL AUTO_INCREMENT,
  `number` int NOT NULL,
  `amount` int NOT NULL,
  PRIMARY KEY (`id`)
) ENGINE=InnoDB AUTO_INCREMENT=11 DEFAULT CHARSET=latin1;
/*!40101 SET character_set_client = @saved_cs_client */;

--
-- Dumping data for table `second_digit`
--

LOCK TABLES `second_digit` WRITE;
/*!40000 ALTER TABLE `second_digit` DISABLE KEYS */;
INSERT INTO `second_digit` VALUES (1,0,0),(2,1,0),(3,2,0),(4,3,0),(5,4,0),(6,5,0),(7,6,0),(8,7,0),(9,8,0),(10,9,0);
/*!40000 ALTER TABLE `second_digit` ENABLE KEYS */;
UNLOCK TABLES;

--
-- Table structure for table `secondbiddetails`
--

DROP TABLE IF EXISTS `secondbiddetails`;
/*!40101 SET @saved_cs_client     = @@character_set_client */;
/*!50503 SET character_set_client = utf8mb4 */;
CREATE TABLE `secondbiddetails` (
  `sid` int NOT NULL AUTO_INCREMENT,
  `user_id` int DEFAULT NULL,
  `bid_number` int DEFAULT NULL,
  `bid_amount` int DEFAULT NULL,
  `bid_date` timestamp NOT NULL DEFAULT CURRENT_TIMESTAMP ON UPDATE CURRENT_TIMESTAMP,
  PRIMARY KEY (`sid`),
  KEY `user_id` (`user_id`)
) ENGINE=InnoDB AUTO_INCREMENT=18 DEFAULT CHARSET=latin1;
/*!40101 SET character_set_client = @saved_cs_client */;

--
-- Dumping data for table `secondbiddetails`
--

LOCK TABLES `secondbiddetails` WRITE;
/*!40000 ALTER TABLE `secondbiddetails` DISABLE KEYS */;
/*!40000 ALTER TABLE `secondbiddetails` ENABLE KEYS */;
UNLOCK TABLES;

--
-- Table structure for table `transactions`
--

DROP TABLE IF EXISTS `transactions`;
/*!40101 SET @saved_cs_client     = @@character_set_client */;
/*!50503 SET character_set_client = utf8mb4 */;
CREATE TABLE `transactions` (
  `transaction_id` int NOT NULL AUTO_INCREMENT,
  `user_id` int DEFAULT NULL,
  `transaction_type` varchar(10) DEFAULT NULL,
  `amount` decimal(10,2) DEFAULT NULL,
  `transaction_date` datetime DEFAULT NULL,
  `details` text,
  PRIMARY KEY (`transaction_id`),
  KEY `transactions_ibfk_1` (`user_id`)
) ENGINE=InnoDB AUTO_INCREMENT=828 DEFAULT CHARSET=latin1;
/*!40101 SET character_set_client = @saved_cs_client */;

--
-- Dumping data for table `transactions`
--

LOCK TABLES `transactions` WRITE;
/*!40000 ALTER TABLE `transactions` DISABLE KEYS */;
INSERT INTO `transactions` VALUES (1,27,'Spend',100.00,'2024-07-04 18:27:46','Spent on 2 digit number  80'),(2,27,'Spend',100.00,'2024-07-04 18:27:53','Spent on 2 digit number  81'),(3,27,'Spend',100.00,'2024-07-04 18:28:00','Spent on 2 digit number  82'),(4,27,'Spend',100.00,'2024-07-04 18:28:07','Spent on 2 digit number  83'),(5,27,'Spend',100.00,'2024-07-04 18:28:15','Spent on 2 digit number  84'),(6,27,'Spend',100.00,'2024-07-04 18:28:22','Spent on 2 digit number  85'),(7,27,'Spend',100.00,'2024-07-04 18:28:28','Spent on 2 digit number  86'),(8,27,'Spend',100.00,'2024-07-04 18:28:35','Spent on 2 digit number  87'),(9,27,'Spend',100.00,'2024-07-04 18:28:42','Spent on 2 digit number  88'),(10,27,'Spend',100.00,'2024-07-04 18:28:49','Spent on 2 digit number  89'),(11,27,'Spend',100.00,'2024-07-04 18:29:13','Spent on 2 digit number  78'),(12,27,'Spend',25.00,'2024-07-04 18:29:25','Spent on 2 digit number  75'),(13,28,'Spend',30.00,'2024-07-07 17:28:58','Spent on 2 digit number  92'),(14,28,'Spend',30.00,'2024-07-07 17:28:58','Spent on 2 digit number  29'),(15,28,'Spend',10.00,'2024-07-07 17:30:59','Spent on 2 digit number  49'),(16,28,'Spend',10.00,'2024-07-07 17:30:59','Spent on 2 digit number  94'),(17,28,'Spend',10.00,'2024-07-07 17:30:59','Spent on 2 digit number  42'),(18,28,'Spend',10.00,'2024-07-07 17:30:59','Spent on 2 digit number  24'),(19,28,'Spend',10.00,'2024-07-07 17:30:59','Spent on 2 digit number  6'),(20,28,'Spend',10.00,'2024-07-07 17:30:59','Spent on 2 digit number  3'),(21,28,'Spend',10.00,'2024-07-07 17:31:19','Spent on 2 digit number  14'),(22,28,'Spend',12.00,'2024-07-07 17:31:30','Spent on 2 digit number  41'),(23,28,'Spend',10.00,'2024-07-07 17:31:38','Spent on 2 digit number  53'),(24,28,'Spend',15.00,'2024-07-07 17:31:54','Spent on 2 digit number  26'),(25,28,'Spend',5.00,'2024-07-07 17:33:11','Spent on 2 digit number  56'),(26,28,'Spend',5.00,'2024-07-07 17:33:21','Spent on 2 digit number  76'),(27,28,'Spend',10.00,'2024-07-07 17:33:29','Spent on 2 digit number  78'),(28,28,'Spend',5.00,'2024-07-07 17:33:38','Spent on 2 digit number  87'),(29,28,'Spend',5.00,'2024-07-07 17:33:46','Spent on 2 digit number  91'),(30,28,'Spend',5.00,'2024-07-07 17:33:59','Spent on 2 digit number  0'),(31,28,'Winner',420.00,'2024-07-07 18:59:13','Full Number Winner'),(32,32,'Spend',100.00,'2024-07-11 17:43:25','Spent on 2 digit number  42'),(33,32,'Spend',100.00,'2024-07-11 17:43:34','Spent on 2 digit number  72'),(34,28,'Spend',10.00,'2024-07-12 18:30:21','Spent on 2 digit number  72'),(35,28,'Spend',10.00,'2024-07-12 18:30:37','Spent on 2 digit number  84'),(36,28,'Spend',10.00,'2024-07-12 18:30:53','Spent on 2 digit number  60'),(37,28,'Spend',5.00,'2024-07-12 18:31:02','Spent on 2 digit number  60'),(38,28,'Spend',5.00,'2024-07-12 18:31:15','Spent on 2 digit number  84'),(39,28,'Spend',5.00,'2024-07-12 18:32:34','Spent on 2 digit number  72'),(40,28,'Spend',15.00,'2024-07-12 18:32:49','Spent on 2 digit number  92'),(41,28,'Spend',5.00,'2024-07-12 18:33:16','Spent on 2 digit number  4'),(42,40,'Spend',800.00,'2024-07-27 17:53:26','Spent on first digit number  0'),(43,40,'Spend',1000.00,'2024-07-27 17:53:33','Spent on first digit number  4'),(44,40,'Spend',800.00,'2024-07-27 17:53:42','Spent on first digit number  8'),(45,40,'Spend',100.00,'2024-07-27 17:54:13','Spent on 2 digit number  80'),(46,28,'Spend',10.00,'2024-07-28 18:28:13','Spent on 2 digit number  27'),(47,28,'Spend',10.00,'2024-07-28 18:28:32','Spent on 2 digit number  1'),(48,28,'Spend',20.00,'2024-07-28 18:28:53','Spent on 2 digit number  72'),(49,28,'Spend',10.00,'2024-07-28 18:29:07','Spent on 2 digit number  96'),(50,28,'Spend',15.00,'2024-07-28 18:29:17','Spent on 2 digit number  98'),(51,28,'Spend',10.00,'2024-07-28 18:29:35','Spent on 2 digit number  90'),(52,28,'Spend',10.00,'2024-07-28 18:30:19','Spent on 2 digit number  3'),(53,28,'Spend',5.00,'2024-07-28 18:30:25','Spent on 2 digit number  7'),(54,28,'Winner',840.00,'2024-07-28 19:02:10','Full Number Winner'),(55,30,'Spend',150.00,'2024-07-29 17:29:22','Spent on first digit number  5'),(56,30,'Spend',100.00,'2024-07-29 17:29:33','Spent on first digit number  6'),(57,30,'Spend',50.00,'2024-07-29 17:29:55','Spent on second digit number  6'),(58,40,'Spend',400.00,'2024-07-29 17:44:41','Spent on 2 digit number  30'),(59,40,'Spend',400.00,'2024-07-29 17:45:33','Spent on 2 digit number  40'),(60,40,'Spend',400.00,'2024-07-29 17:46:07','Spent on 2 digit number  88'),(61,28,'Spend',35.00,'2024-07-29 18:20:59','Spent on 2 digit number  89'),(62,28,'Spend',25.00,'2024-07-29 18:21:11','Spent on 2 digit number  98'),(63,28,'Spend',10.00,'2024-07-29 18:21:20','Spent on 2 digit number  2'),(64,28,'Spend',10.00,'2024-07-29 18:21:33','Spent on 2 digit number  3'),(65,28,'Spend',20.00,'2024-07-29 18:21:42','Spent on 2 digit number  17'),(66,28,'Spend',10.00,'2024-07-29 18:21:59','Spent on 2 digit number  27'),(67,28,'Spend',15.00,'2024-07-29 18:22:09','Spent on 2 digit number  72'),(68,28,'Spend',5.00,'2024-07-29 18:22:16','Spent on 2 digit number  90'),(69,28,'Spend',10.00,'2024-07-29 18:22:29','Spent on 2 digit number  15'),(70,28,'Spend',5.00,'2024-07-29 18:22:51','Spent on 2 digit number  25'),(71,28,'Spend',5.00,'2024-07-29 18:22:57','Spent on 2 digit number  38'),(72,28,'Spend',30.00,'2024-07-29 18:24:06','Spent on first digit number  8'),(73,28,'Spend',20.00,'2024-07-29 18:24:21','Spent on first digit number  4'),(74,40,'Winner',33600.00,'2024-07-29 18:58:38','Full Number Winner'),(75,28,'Winner',150.00,'2024-07-29 18:58:57','First Digit Winner'),(76,30,'Spend',200.00,'2024-07-30 17:24:12','Spent on first digit number  8'),(77,28,'Spend',15.00,'2024-07-30 18:28:32','Spent on 2 digit number  48'),(78,28,'Spend',10.00,'2024-07-30 18:28:44','Spent on 2 digit number  42'),(79,28,'Spend',10.00,'2024-07-30 18:28:51','Spent on 2 digit number  61'),(80,28,'Spend',20.00,'2024-07-30 18:29:00','Spent on 2 digit number  66'),(81,28,'Spend',5.00,'2024-07-30 18:29:09','Spent on 2 digit number  72'),(82,28,'Spend',15.00,'2024-07-30 18:29:17','Spent on 2 digit number  72'),(83,28,'Spend',10.00,'2024-07-30 18:29:23','Spent on 2 digit number  78'),(84,28,'Spend',10.00,'2024-07-30 18:29:30','Spent on 2 digit number  89'),(85,28,'Spend',5.00,'2024-07-30 18:29:37','Spent on 2 digit number  97'),(86,28,'Spend',5.00,'2024-07-30 18:29:43','Spent on 2 digit number  79'),(87,28,'Spend',5.00,'2024-07-30 18:29:50','Spent on 2 digit number  70'),(88,28,'Spend',5.00,'2024-07-30 18:29:59','Spent on 2 digit number  65'),(89,28,'Spend',5.00,'2024-07-30 18:30:06','Spent on 2 digit number  58'),(90,28,'Spend',10.00,'2024-07-30 18:30:18','Spent on 2 digit number  51'),(91,28,'Spend',5.00,'2024-07-30 18:30:28','Spent on 2 digit number  50'),(92,28,'Spend',5.00,'2024-07-30 18:30:40','Spent on 2 digit number  27'),(93,28,'Spend',5.00,'2024-07-30 18:30:45','Spent on 2 digit number  24'),(94,28,'Spend',5.00,'2024-07-30 18:30:55','Spent on 2 digit number  15'),(95,28,'Spend',10.00,'2024-07-30 18:31:01','Spent on 2 digit number  17'),(96,28,'Spend',5.00,'2024-07-30 18:31:07','Spent on 2 digit number  20'),(97,28,'Spend',5.00,'2024-07-30 18:31:14','Spent on 2 digit number  14'),(98,28,'Spend',5.00,'2024-07-30 18:31:20','Spent on 2 digit number  4'),(99,28,'Spend',10.00,'2024-07-30 18:31:26','Spent on 2 digit number  3'),(100,28,'Spend',5.00,'2024-07-30 18:31:32','Spent on 2 digit number  8'),(101,28,'Spend',5.00,'2024-07-30 18:31:43','Spent on 2 digit number  90'),(102,28,'Spend',5.00,'2024-07-30 18:31:49','Spent on 2 digit number  94'),(103,28,'Spend',15.00,'2024-08-01 17:12:02','Spent on 2 digit number  2'),(104,28,'Spend',10.00,'2024-08-01 17:12:13','Spent on 2 digit number  72'),(105,28,'Spend',10.00,'2024-08-01 17:12:21','Spent on 2 digit number  84'),(106,28,'Spend',5.00,'2024-08-01 17:12:38','Spent on 2 digit number  61'),(107,28,'Spend',5.00,'2024-08-01 17:12:48','Spent on 2 digit number  53'),(108,40,'Spend',250.00,'2024-08-01 17:33:39','Spent on 2 digit number  11'),(109,40,'Spend',250.00,'2024-08-01 17:33:59','Spent on 2 digit number  37'),(110,40,'Spend',250.00,'2024-08-01 17:34:14','Spent on 2 digit number  39'),(111,40,'Spend',250.00,'2024-08-01 17:35:02','Spent on 2 digit number  68'),(112,40,'Spend',250.00,'2024-08-01 17:35:30','Spent on 2 digit number  73'),(113,40,'Spend',250.00,'2024-08-01 17:36:20','Spent on 2 digit number  79'),(114,40,'Spend',250.00,'2024-08-01 17:36:49','Spent on 2 digit number  93'),(115,40,'Spend',250.00,'2024-08-01 17:37:27','Spent on 2 digit number  97'),(116,32,'Spend',100.00,'2024-08-01 18:19:27','Spent on 2 digit number  32'),(117,32,'Spend',100.00,'2024-08-01 18:19:36','Spent on 2 digit number  72'),(118,32,'Spend',100.00,'2024-08-01 18:19:45','Spent on 2 digit number  79'),(119,32,'Spend',100.00,'2024-08-01 18:20:03','Spent on 2 digit number  39'),(120,40,'Spend',100.00,'2024-08-02 17:48:55','Spent on 2 digit number  10'),(121,40,'Spend',100.00,'2024-08-02 17:49:14','Spent on 2 digit number  11'),(122,40,'Spend',100.00,'2024-08-02 17:49:26','Spent on 2 digit number  12'),(123,40,'Spend',100.00,'2024-08-02 17:49:56','Spent on 2 digit number  19'),(124,40,'Spend',100.00,'2024-08-02 17:50:31','Spent on 2 digit number  06'),(125,40,'Spend',100.00,'2024-08-02 17:50:50','Spent on 2 digit number  50'),(126,40,'Spend',100.00,'2024-08-02 17:55:09','Spent on 2 digit number  16'),(127,40,'Spend',100.00,'2024-08-02 17:56:22','Spent on 2 digit number  64'),(128,40,'Spend',100.00,'2024-08-02 17:56:48','Spent on 2 digit number  59'),(129,40,'Spend',100.00,'2024-08-02 17:57:43','Spent on 2 digit number  44'),(130,40,'Spend',100.00,'2024-08-02 17:58:27','Spent on 2 digit number  79'),(131,40,'Spend',100.00,'2024-08-02 17:59:33','Spent on 2 digit number  98'),(132,40,'Spend',100.00,'2024-08-02 17:59:50','Spent on 2 digit number  88'),(133,40,'Spend',100.00,'2024-08-02 18:00:11','Spent on 2 digit number  60'),(134,40,'Spend',100.00,'2024-08-02 18:01:19','Spent on 2 digit number  41'),(135,40,'Spend',100.00,'2024-08-02 18:01:42','Spent on 2 digit number  35'),(136,40,'Spend',100.00,'2024-08-02 18:02:01','Spent on 2 digit number  32'),(137,40,'Spend',100.00,'2024-08-02 18:02:18','Spent on 2 digit number  61'),(138,40,'Spend',100.00,'2024-08-02 18:02:43','Spent on 2 digit number  95'),(139,40,'Spend',100.00,'2024-08-02 18:02:59','Spent on 2 digit number  87'),(140,40,'Spend',100.00,'2024-08-02 18:03:14','Spent on 2 digit number  52'),(141,40,'Winner',8400.00,'2024-08-02 19:18:45','Full Number Winner'),(142,28,'Spend',10.00,'2024-08-03 17:58:03','Spent on 2 digit number  41'),(143,28,'Spend',10.00,'2024-08-03 17:58:16','Spent on 2 digit number  53'),(144,28,'Spend',5.00,'2024-08-03 17:58:30','Spent on 2 digit number  51'),(145,28,'Spend',5.00,'2024-08-03 17:58:44','Spent on 2 digit number  57'),(146,28,'Spend',5.00,'2024-08-03 17:58:55','Spent on 2 digit number  2'),(147,28,'Spend',5.00,'2024-08-03 17:59:00','Spent on 2 digit number  3'),(148,28,'Spend',5.00,'2024-08-03 17:59:14','Spent on 2 digit number  14'),(149,28,'Spend',5.00,'2024-08-03 17:59:21','Spent on 2 digit number  17'),(150,28,'Spend',5.00,'2024-08-03 17:59:30','Spent on 2 digit number  13'),(151,40,'Spend',150.00,'2024-08-04 17:55:09','Spent on 2 digit number  26'),(152,40,'Spend',150.00,'2024-08-04 17:55:25','Spent on 2 digit number  19'),(153,40,'Spend',150.00,'2024-08-04 17:55:39','Spent on 2 digit number  14'),(154,40,'Spend',150.00,'2024-08-04 17:55:58','Spent on 2 digit number  04'),(155,40,'Spend',150.00,'2024-08-04 17:56:11','Spent on 2 digit number  91'),(156,40,'Spend',1000.00,'2024-08-04 17:56:54','Spent on first digit number  8'),(157,40,'Spend',1000.00,'2024-08-04 17:57:09','Spent on second digit number  8'),(158,40,'Spend',100.00,'2024-08-04 17:58:01','Spent on 2 digit number  48'),(159,40,'Spend',100.00,'2024-08-04 17:58:12','Spent on 2 digit number  85'),(160,40,'Spend',50.00,'2024-08-04 17:58:38','Spent on 2 digit number  98'),(161,40,'Spend',300.00,'2024-08-05 17:52:06','Spent on 2 digit number  25'),(162,40,'Spend',300.00,'2024-08-05 17:52:35','Spent on 2 digit number  01'),(163,40,'Spend',300.00,'2024-08-05 17:52:58','Spent on 2 digit number  32'),(164,40,'Spend',300.00,'2024-08-05 17:53:45','Spent on 2 digit number  52'),(165,40,'Spend',300.00,'2024-08-05 17:54:16','Spent on 2 digit number  88'),(166,40,'Winner',25200.00,'2024-08-05 19:20:59','Full Number Winner'),(167,28,'Spend',20.00,'2024-08-06 18:02:48','Spent on 2 digit number  3'),(168,28,'Spend',10.00,'2024-08-06 18:03:00','Spent on 2 digit number  8'),(169,28,'Spend',10.00,'2024-08-06 18:03:16','Spent on 2 digit number  15'),(170,28,'Spend',10.00,'2024-08-06 18:03:37','Spent on 2 digit number  12'),(171,28,'Spend',20.00,'2024-08-06 18:03:48','Spent on 2 digit number  25'),(172,28,'Spend',10.00,'2024-08-06 18:03:54','Spent on 2 digit number  26'),(173,28,'Spend',10.00,'2024-08-06 18:04:07','Spent on 2 digit number  28'),(174,28,'Spend',5.00,'2024-08-06 18:04:18','Spent on 2 digit number  34'),(175,28,'Spend',5.00,'2024-08-06 18:04:23','Spent on 2 digit number  38'),(176,28,'Spend',5.00,'2024-08-06 18:04:32','Spent on 2 digit number  31'),(177,28,'Spend',5.00,'2024-08-06 18:04:40','Spent on 2 digit number  48'),(178,28,'Spend',5.00,'2024-08-06 18:04:48','Spent on 2 digit number  45'),(179,28,'Spend',5.00,'2024-08-06 18:04:55','Spent on 2 digit number  42'),(180,28,'Spend',15.00,'2024-08-06 18:05:00','Spent on 2 digit number  53'),(181,28,'Spend',10.00,'2024-08-06 18:05:05','Spent on 2 digit number  58'),(182,28,'Spend',5.00,'2024-08-06 18:05:11','Spent on 2 digit number  59'),(183,28,'Spend',5.00,'2024-08-06 18:05:20','Spent on 2 digit number  50'),(184,28,'Spend',10.00,'2024-08-06 18:05:28','Spent on 2 digit number  96'),(185,28,'Spend',5.00,'2024-08-06 18:05:38','Spent on 2 digit number  93'),(186,28,'Spend',5.00,'2024-08-06 18:05:42','Spent on 2 digit number  90'),(187,28,'Spend',5.00,'2024-08-06 18:05:48','Spent on 2 digit number  86'),(188,28,'Spend',5.00,'2024-08-06 18:05:56','Spent on 2 digit number  83'),(189,28,'Spend',5.00,'2024-08-06 18:06:01','Spent on 2 digit number  80'),(190,28,'Spend',5.00,'2024-08-06 18:06:11','Spent on 2 digit number  82'),(191,28,'Spend',5.00,'2024-08-06 18:06:17','Spent on 2 digit number  78'),(192,28,'Spend',5.00,'2024-08-06 18:06:21','Spent on 2 digit number  77'),(193,28,'Spend',5.00,'2024-08-06 18:06:29','Spent on 2 digit number  71'),(194,28,'Spend',5.00,'2024-08-06 18:06:34','Spent on 2 digit number  70'),(195,28,'Spend',5.00,'2024-08-06 18:06:41','Spent on 2 digit number  66'),(196,28,'Spend',5.00,'2024-08-06 18:06:45','Spent on 2 digit number  65'),(197,28,'Spend',5.00,'2024-08-06 18:06:50','Spent on 2 digit number  69'),(198,28,'Spend',10.00,'2024-08-06 18:06:56','Spent on 2 digit number  62'),(199,28,'Spend',5.00,'2024-08-06 18:07:03','Spent on 2 digit number  61'),(200,28,'Spend',5.00,'2024-08-06 18:07:13','Spent on 2 digit number  44'),(201,28,'Spend',5.00,'2024-08-06 18:08:38','Spent on 2 digit number  1'),(202,28,'Spend',5.00,'2024-08-06 18:08:46','Spent on 2 digit number  4'),(203,28,'Spend',5.00,'2024-08-06 18:08:52','Spent on 2 digit number  11'),(204,28,'Spend',5.00,'2024-08-06 18:09:05','Spent on 2 digit number  16'),(205,28,'Spend',5.00,'2024-08-06 18:09:16','Spent on 2 digit number  23'),(206,28,'Spend',20.00,'2024-08-06 18:09:33','Spent on first digit number  7'),(207,28,'Spend',10.00,'2024-08-06 18:09:58','Spent on first digit number  4'),(208,28,'Spend',20.00,'2024-08-06 18:10:27','Spent on first digit number  3'),(209,28,'Spend',20.00,'2024-08-06 18:10:41','Spent on first digit number  8'),(210,30,'Spend',250.00,'2024-08-06 18:34:13','Spent on first digit number  5'),(211,30,'Spend',250.00,'2024-08-06 18:34:44','Spent on first digit number  8'),(212,28,'Winner',75.00,'2024-08-06 18:59:22','First Digit Winner'),(213,28,'Spend',75.00,'2024-08-19 17:15:22','Spent on 2 digit number  64'),(214,28,'Spend',75.00,'2024-08-19 17:15:33','Spent on 2 digit number  96'),(215,28,'Spend',15.00,'2024-08-19 17:15:44','Spent on 2 digit number  69'),(216,28,'Spend',15.00,'2024-08-19 17:15:52','Spent on 2 digit number  46'),(217,28,'Spend',25.00,'2024-08-19 17:16:15','Spent on first digit number  9'),(218,28,'Spend',20.00,'2024-08-19 17:16:31','Spent on first digit number  6'),(219,28,'Spend',10.00,'2024-08-19 17:17:06','Spent on 2 digit number  77'),(220,28,'Spend',10.00,'2024-08-19 17:17:40','Spent on 2 digit number  61'),(221,28,'Spend',10.00,'2024-08-19 17:17:49','Spent on 2 digit number  15'),(222,28,'Winner',150.00,'2024-08-19 18:58:38','First Digit Winner'),(223,28,'Spend',25.00,'2024-08-24 18:03:54','Spent on 2 digit number  14'),(224,28,'Spend',25.00,'2024-08-24 18:04:12','Spent on 2 digit number  41'),(225,28,'Spend',10.00,'2024-08-24 18:04:29','Spent on 2 digit number  21'),(226,28,'Spend',10.00,'2024-08-24 18:04:39','Spent on 2 digit number  51'),(227,28,'Spend',15.00,'2024-08-24 18:04:53','Spent on 2 digit number  92'),(228,28,'Spend',5.00,'2024-08-24 18:05:03','Spent on 2 digit number  91'),(229,28,'Spend',5.00,'2024-08-24 18:05:15','Spent on 2 digit number  72'),(230,28,'Spend',10.00,'2024-08-24 18:05:21','Spent on 2 digit number  71'),(231,28,'Spend',10.00,'2024-08-24 18:05:32','Spent on 2 digit number  65'),(232,28,'Spend',10.00,'2024-08-24 18:05:45','Spent on 2 digit number  53'),(233,28,'Spend',10.00,'2024-08-24 18:05:56','Spent on 2 digit number  40'),(234,28,'Spend',10.00,'2024-08-24 18:06:11','Spent on 2 digit number  20'),(235,28,'Spend',5.00,'2024-08-24 18:06:16','Spent on 2 digit number  30'),(236,28,'Spend',10.00,'2024-08-24 18:06:24','Spent on 2 digit number  14'),(237,28,'Spend',10.00,'2024-08-24 18:06:31','Spent on 2 digit number  41'),(238,28,'Spend',25.00,'2024-08-24 18:06:50','Spent on first digit number  3'),(239,28,'Spend',35.00,'2024-08-27 18:06:11','Spent on 2 digit number  6'),(240,28,'Spend',15.00,'2024-08-27 18:06:23','Spent on 2 digit number  1'),(241,28,'Spend',10.00,'2024-08-27 18:06:44','Spent on 2 digit number  5'),(242,28,'Spend',5.00,'2024-08-27 18:07:01','Spent on 2 digit number  0'),(243,28,'Spend',10.00,'2024-08-27 18:08:18','Spent on 2 digit number  33'),(244,28,'Spend',10.00,'2024-08-27 18:08:19','Spent on 2 digit number  33'),(245,28,'Spend',5.00,'2024-08-27 18:08:41','Spent on 2 digit number  15'),(246,28,'Spend',5.00,'2024-08-27 18:09:05','Spent on 2 digit number  78'),(247,28,'Spend',15.00,'2024-09-01 18:16:54','Spent on 2 digit number  76'),(248,28,'Spend',15.00,'2024-09-01 18:16:54','Spent on 2 digit number  75'),(249,28,'Spend',15.00,'2024-09-01 18:16:54','Spent on 2 digit number  74'),(250,28,'Spend',15.00,'2024-09-01 18:16:54','Spent on 2 digit number  73'),(251,28,'Spend',15.00,'2024-09-01 18:16:54','Spent on 2 digit number  72'),(252,28,'Spend',15.00,'2024-09-01 18:16:54','Spent on 2 digit number  67'),(253,28,'Spend',15.00,'2024-09-01 18:16:54','Spent on 2 digit number  65'),(254,28,'Spend',15.00,'2024-09-01 18:16:54','Spent on 2 digit number  64'),(255,28,'Spend',15.00,'2024-09-01 18:16:54','Spent on 2 digit number  63'),(256,28,'Spend',15.00,'2024-09-01 18:16:54','Spent on 2 digit number  62'),(257,28,'Spend',15.00,'2024-09-01 18:16:54','Spent on 2 digit number  57'),(258,28,'Spend',15.00,'2024-09-01 18:16:54','Spent on 2 digit number  56'),(259,28,'Spend',15.00,'2024-09-01 18:16:54','Spent on 2 digit number  54'),(260,28,'Spend',15.00,'2024-09-01 18:16:54','Spent on 2 digit number  53'),(261,28,'Spend',15.00,'2024-09-01 18:16:54','Spent on 2 digit number  52'),(262,28,'Spend',15.00,'2024-09-01 18:16:54','Spent on 2 digit number  47'),(263,28,'Spend',15.00,'2024-09-01 18:16:54','Spent on 2 digit number  46'),(264,28,'Spend',15.00,'2024-09-01 18:16:54','Spent on 2 digit number  45'),(265,28,'Spend',15.00,'2024-09-01 18:16:54','Spent on 2 digit number  43'),(266,28,'Spend',15.00,'2024-09-01 18:16:54','Spent on 2 digit number  42'),(267,28,'Spend',15.00,'2024-09-01 18:16:54','Spent on 2 digit number  37'),(268,28,'Spend',15.00,'2024-09-01 18:16:54','Spent on 2 digit number  36'),(269,28,'Spend',15.00,'2024-09-01 18:16:54','Spent on 2 digit number  35'),(270,28,'Spend',15.00,'2024-09-01 18:16:54','Spent on 2 digit number  34'),(271,28,'Spend',15.00,'2024-09-01 18:16:54','Spent on 2 digit number  32'),(272,28,'Spend',15.00,'2024-09-01 18:16:54','Spent on 2 digit number  27'),(273,28,'Spend',15.00,'2024-09-01 18:16:54','Spent on 2 digit number  26'),(274,28,'Spend',15.00,'2024-09-01 18:16:54','Spent on 2 digit number  25'),(275,28,'Spend',15.00,'2024-09-01 18:16:54','Spent on 2 digit number  24'),(276,28,'Spend',15.00,'2024-09-01 18:16:54','Spent on 2 digit number  23'),(277,28,'Spend',30.00,'2024-09-01 18:17:59','Spent on first digit number  3'),(278,28,'Spend',10.00,'2024-09-01 18:18:22','Spent on 2 digit number  34'),(279,28,'Spend',10.00,'2024-09-01 18:18:28','Spent on 2 digit number  37'),(280,36,'Spend',20.00,'2024-09-02 16:22:38','Spent on 2 digit number  85'),(281,36,'Spend',20.00,'2024-09-02 16:22:38','Spent on 2 digit number  98'),(282,36,'Spend',20.00,'2024-09-02 16:22:38','Spent on 2 digit number  62'),(283,36,'Spend',10.00,'2024-09-02 16:26:02','Spent on 2 digit number  83'),(284,36,'Spend',10.00,'2024-09-02 16:26:02','Spent on 2 digit number  73'),(285,36,'Spend',10.00,'2024-09-02 16:26:02','Spent on 2 digit number  60'),(286,28,'Spend',10.00,'2024-09-02 18:35:38','Spent on 2 digit number  15'),(287,28,'Spend',10.00,'2024-09-02 18:36:03','Spent on 2 digit number  51'),(288,28,'Spend',10.00,'2024-09-02 18:36:12','Spent on 2 digit number  41'),(289,28,'Spend',5.00,'2024-09-02 18:36:18','Spent on 2 digit number  43'),(290,28,'Spend',5.00,'2024-09-02 18:37:08','Spent on 2 digit number  6'),(291,28,'Spend',5.00,'2024-09-04 17:54:54','Spent on 2 digit number  27'),(292,28,'Spend',5.00,'2024-09-04 17:54:54','Spent on 2 digit number  25'),(293,28,'Spend',5.00,'2024-09-04 17:54:54','Spent on 2 digit number  20'),(294,28,'Spend',5.00,'2024-09-04 17:54:54','Spent on 2 digit number  26'),(295,28,'Spend',5.00,'2024-09-04 17:54:54','Spent on 2 digit number  72'),(296,28,'Spend',5.00,'2024-09-04 17:54:54','Spent on 2 digit number  75'),(297,28,'Spend',5.00,'2024-09-04 17:54:54','Spent on 2 digit number  70'),(298,28,'Spend',5.00,'2024-09-04 17:54:54','Spent on 2 digit number  76'),(299,28,'Spend',5.00,'2024-09-04 17:54:54','Spent on 2 digit number  52'),(300,28,'Spend',5.00,'2024-09-04 17:54:54','Spent on 2 digit number  57'),(301,28,'Spend',5.00,'2024-09-04 17:54:54','Spent on 2 digit number  50'),(302,28,'Spend',5.00,'2024-09-04 17:54:54','Spent on 2 digit number  56'),(303,28,'Spend',5.00,'2024-09-04 17:54:54','Spent on 2 digit number  2'),(304,28,'Spend',5.00,'2024-09-04 17:54:54','Spent on 2 digit number  7'),(305,28,'Spend',5.00,'2024-09-04 17:54:54','Spent on 2 digit number  5'),(306,28,'Spend',5.00,'2024-09-04 17:54:54','Spent on 2 digit number  6'),(307,28,'Spend',5.00,'2024-09-04 17:54:54','Spent on 2 digit number  62'),(308,28,'Spend',5.00,'2024-09-04 17:54:54','Spent on 2 digit number  67'),(309,28,'Spend',5.00,'2024-09-04 17:54:54','Spent on 2 digit number  65'),(310,28,'Spend',5.00,'2024-09-04 17:54:54','Spent on 2 digit number  60'),(311,28,'Spend',10.00,'2024-09-04 17:55:21','Spent on 2 digit number  48'),(312,28,'Spend',10.00,'2024-09-04 17:55:37','Spent on 2 digit number  71'),(313,28,'Spend',10.00,'2024-09-04 17:55:47','Spent on 2 digit number  95'),(314,28,'Spend',5.00,'2024-09-04 17:55:53','Spent on 2 digit number  99'),(315,28,'Spend',5.00,'2024-09-04 17:56:00','Spent on 2 digit number  90'),(316,28,'Spend',5.00,'2024-09-04 17:56:05','Spent on 2 digit number  94'),(317,28,'Spend',5.00,'2024-09-04 17:56:14','Spent on 2 digit number  83'),(318,28,'Spend',5.00,'2024-09-04 17:56:18','Spent on 2 digit number  87'),(319,28,'Spend',5.00,'2024-09-04 17:56:27','Spent on 2 digit number  77'),(320,28,'Spend',5.00,'2024-09-04 17:56:34','Spent on 2 digit number  66'),(321,28,'Spend',5.00,'2024-09-04 17:56:46','Spent on 2 digit number  33'),(322,28,'Spend',10.00,'2024-09-04 17:56:53','Spent on 2 digit number  22'),(323,28,'Spend',10.00,'2024-09-04 17:57:35','Spent on 2 digit number  31'),(324,28,'Winner',420.00,'2024-09-04 19:38:03','Full Number Winner'),(325,28,'Spend',55.00,'2024-09-05 18:01:10','Spent on 2 digit number  52'),(326,28,'Spend',15.00,'2024-09-05 18:01:33','Spent on 2 digit number  53'),(327,28,'Spend',15.00,'2024-09-05 18:01:44','Spent on 2 digit number  25'),(328,28,'Spend',15.00,'2024-09-05 18:01:52','Spent on 2 digit number  35'),(329,28,'Spend',10.00,'2024-09-05 18:02:09','Spent on 2 digit number  26'),(330,28,'Spend',10.00,'2024-09-05 18:02:16','Spent on 2 digit number  27'),(331,28,'Spend',5.00,'2024-09-05 18:02:27','Spent on 2 digit number  22'),(332,28,'Spend',5.00,'2024-09-05 18:02:35','Spent on 2 digit number  21'),(333,28,'Spend',10.00,'2024-09-05 18:02:40','Spent on 2 digit number  33'),(334,28,'Spend',10.00,'2024-09-05 18:02:48','Spent on 2 digit number  37'),(335,28,'Spend',5.00,'2024-09-05 18:02:54','Spent on 2 digit number  38'),(336,28,'Spend',5.00,'2024-09-05 18:03:01','Spent on 2 digit number  31'),(337,28,'Spend',5.00,'2024-09-05 18:03:06','Spent on 2 digit number  30'),(338,28,'Spend',5.00,'2024-09-05 18:03:12','Spent on 2 digit number  40'),(339,28,'Spend',5.00,'2024-09-05 18:03:19','Spent on 2 digit number  48'),(340,28,'Spend',5.00,'2024-09-05 18:03:32','Spent on 2 digit number  50'),(341,28,'Spend',5.00,'2024-09-05 18:03:42','Spent on 2 digit number  62'),(342,28,'Spend',10.00,'2024-09-05 18:03:50','Spent on 2 digit number  72'),(343,28,'Spend',5.00,'2024-09-05 18:03:56','Spent on 2 digit number  71'),(344,28,'Spend',5.00,'2024-09-05 18:04:00','Spent on 2 digit number  77'),(345,28,'Spend',5.00,'2024-09-05 18:04:10','Spent on 2 digit number  66'),(346,28,'Spend',5.00,'2024-09-05 18:04:19','Spent on 2 digit number  60'),(347,28,'Spend',5.00,'2024-09-05 18:04:25','Spent on 2 digit number  67'),(348,28,'Spend',5.00,'2024-09-05 18:04:33','Spent on 2 digit number  86'),(349,28,'Spend',5.00,'2024-09-05 18:04:38','Spent on 2 digit number  94'),(350,28,'Spend',5.00,'2024-09-05 18:04:43','Spent on 2 digit number  98'),(351,28,'Spend',5.00,'2024-09-05 18:04:47','Spent on 2 digit number  99'),(352,28,'Spend',5.00,'2024-09-05 18:05:13','Spent on 2 digit number  18'),(353,28,'Spend',5.00,'2024-09-05 18:06:17','Spent on 2 digit number  4'),(354,28,'Spend',5.00,'2024-09-05 18:06:22','Spent on 2 digit number  0'),(355,28,'Spend',5.00,'2024-09-05 18:06:46','Spent on 2 digit number  78'),(356,28,'Spend',5.00,'2024-09-05 18:07:02','Spent on 2 digit number  55'),(357,28,'Spend',10.00,'2024-09-06 18:33:29','Spent on 2 digit number  6'),(358,28,'Spend',10.00,'2024-09-06 18:33:37','Spent on 2 digit number  14'),(359,28,'Spend',10.00,'2024-09-06 18:33:51','Spent on 2 digit number  66'),(360,28,'Spend',10.00,'2024-09-06 18:34:01','Spent on 2 digit number  0'),(361,28,'Spend',5.00,'2024-09-08 18:26:37','Spent on 2 digit number  79'),(362,28,'Spend',5.00,'2024-09-08 18:26:37','Spent on 2 digit number  75'),(363,28,'Spend',5.00,'2024-09-08 18:26:37','Spent on 2 digit number  74'),(364,28,'Spend',5.00,'2024-09-08 18:26:37','Spent on 2 digit number  76'),(365,28,'Spend',5.00,'2024-09-08 18:26:37','Spent on 2 digit number  97'),(366,28,'Spend',5.00,'2024-09-08 18:26:37','Spent on 2 digit number  95'),(367,28,'Spend',5.00,'2024-09-08 18:26:37','Spent on 2 digit number  94'),(368,28,'Spend',5.00,'2024-09-08 18:26:37','Spent on 2 digit number  96'),(369,28,'Spend',5.00,'2024-09-08 18:26:37','Spent on 2 digit number  57'),(370,28,'Spend',5.00,'2024-09-08 18:26:37','Spent on 2 digit number  59'),(371,28,'Spend',5.00,'2024-09-08 18:26:37','Spent on 2 digit number  54'),(372,28,'Spend',5.00,'2024-09-08 18:26:37','Spent on 2 digit number  56'),(373,28,'Spend',5.00,'2024-09-08 18:26:37','Spent on 2 digit number  47'),(374,28,'Spend',5.00,'2024-09-08 18:26:37','Spent on 2 digit number  49'),(375,28,'Spend',5.00,'2024-09-08 18:26:37','Spent on 2 digit number  45'),(376,28,'Spend',5.00,'2024-09-08 18:26:37','Spent on 2 digit number  46'),(377,28,'Spend',5.00,'2024-09-08 18:26:37','Spent on 2 digit number  67'),(378,28,'Spend',5.00,'2024-09-08 18:26:37','Spent on 2 digit number  69'),(379,28,'Spend',5.00,'2024-09-08 18:26:37','Spent on 2 digit number  65'),(380,28,'Spend',5.00,'2024-09-08 18:26:37','Spent on 2 digit number  64'),(381,28,'Spend',10.00,'2024-09-08 18:26:53','Spent on 2 digit number  25'),(382,28,'Spend',10.00,'2024-09-08 18:26:59','Spent on 2 digit number  27'),(383,28,'Spend',5.00,'2024-09-08 18:27:07','Spent on 2 digit number  30'),(384,28,'Spend',5.00,'2024-09-08 18:27:12','Spent on 2 digit number  31'),(385,28,'Spend',5.00,'2024-09-08 18:27:18','Spent on 2 digit number  38'),(386,28,'Spend',5.00,'2024-09-08 18:27:37','Spent on 2 digit number  37'),(387,28,'Spend',5.00,'2024-09-08 18:27:50','Spent on 2 digit number  26'),(388,28,'Spend',5.00,'2024-09-08 18:27:55','Spent on 2 digit number  21'),(389,28,'Spend',5.00,'2024-09-08 18:28:01','Spent on 2 digit number  20'),(390,28,'Spend',5.00,'2024-09-08 18:28:11','Spent on 2 digit number  70'),(391,28,'Spend',5.00,'2024-09-08 18:28:19','Spent on 2 digit number  78'),(392,28,'Spend',5.00,'2024-09-08 18:28:26','Spent on 2 digit number  71'),(393,28,'Spend',5.00,'2024-09-08 18:28:33','Spent on 2 digit number  81'),(394,28,'Spend',5.00,'2024-09-08 18:28:37','Spent on 2 digit number  89'),(395,28,'Spend',5.00,'2024-09-08 18:28:43','Spent on 2 digit number  86'),(396,28,'Spend',5.00,'2024-09-08 18:28:50','Spent on 2 digit number  82'),(397,28,'Spend',5.00,'2024-09-08 18:28:56','Spent on 2 digit number  83'),(398,28,'Spend',5.00,'2024-09-08 18:29:05','Spent on 2 digit number  99'),(399,28,'Spend',5.00,'2024-09-08 18:29:11','Spent on 2 digit number  92'),(400,28,'Spend',5.00,'2024-09-08 18:29:18','Spent on 2 digit number  91'),(401,28,'Spend',15.00,'2024-09-08 18:29:31','Spent on 2 digit number  60'),(402,28,'Spend',35.00,'2024-09-08 18:29:38','Spent on 2 digit number  66'),(403,28,'Spend',5.00,'2024-09-08 18:30:03','Spent on 2 digit number  69'),(404,28,'Spend',5.00,'2024-09-08 18:30:09','Spent on 2 digit number  62'),(405,28,'Spend',5.00,'2024-09-08 18:30:17','Spent on 2 digit number  58'),(406,28,'Spend',5.00,'2024-09-08 18:30:23','Spent on 2 digit number  59'),(407,28,'Spend',5.00,'2024-09-08 18:30:30','Spent on 2 digit number  52'),(408,28,'Spend',5.00,'2024-09-08 18:30:35','Spent on 2 digit number  53'),(409,28,'Spend',5.00,'2024-09-08 18:30:42','Spent on 2 digit number  55'),(410,28,'Spend',5.00,'2024-09-08 18:30:48','Spent on 2 digit number  50'),(411,28,'Spend',5.00,'2024-09-08 18:31:07','Spent on 2 digit number  0'),(412,28,'Spend',5.00,'2024-09-08 18:31:12','Spent on 2 digit number  6'),(413,28,'Spend',5.00,'2024-09-08 18:31:17','Spent on 2 digit number  5'),(414,28,'Spend',5.00,'2024-09-08 18:31:21','Spent on 2 digit number  8'),(415,28,'Spend',5.00,'2024-09-08 18:31:27','Spent on 2 digit number  3'),(416,28,'Spend',5.00,'2024-09-08 18:31:31','Spent on 2 digit number  4'),(417,28,'Spend',5.00,'2024-09-08 18:31:43','Spent on 2 digit number  15'),(418,28,'Spend',5.00,'2024-09-08 18:31:47','Spent on 2 digit number  14'),(419,28,'Spend',5.00,'2024-09-08 18:31:52','Spent on 2 digit number  11'),(420,28,'Spend',5.00,'2024-09-08 18:31:58','Spent on 2 digit number  16'),(421,28,'Spend',5.00,'2024-09-08 18:32:07','Spent on 2 digit number  61'),(422,28,'Spend',5.00,'2024-09-08 18:32:23','Spent on 2 digit number  22'),(423,28,'Spend',5.00,'2024-09-08 18:32:29','Spent on 2 digit number  33'),(424,28,'Spend',5.00,'2024-09-08 18:32:35','Spent on 2 digit number  44'),(425,28,'Spend',5.00,'2024-09-08 18:32:44','Spent on 2 digit number  77'),(426,28,'Winner',420.00,'2024-09-08 18:59:28','Full Number Winner'),(427,28,'Spend',15.00,'2024-09-09 17:08:22','Spent on 2 digit number  4'),(428,28,'Spend',10.00,'2024-09-09 17:08:57','Spent on 2 digit number  3'),(429,28,'Spend',20.00,'2024-09-09 17:09:39','Spent on 2 digit number  45'),(430,28,'Spend',10.00,'2024-09-09 17:10:01','Spent on 2 digit number  48'),(431,28,'Spend',10.00,'2024-09-09 17:10:11','Spent on 2 digit number  61'),(432,28,'Spend',10.00,'2024-09-09 17:10:22','Spent on 2 digit number  60'),(433,28,'Spend',5.00,'2024-09-09 17:10:33','Spent on 2 digit number  72'),(434,28,'Spend',10.00,'2024-09-09 17:10:41','Spent on 2 digit number  75'),(435,28,'Spend',5.00,'2024-09-09 17:10:49','Spent on 2 digit number  86'),(436,28,'Spend',5.00,'2024-09-09 17:10:54','Spent on 2 digit number  94'),(437,28,'Spend',5.00,'2024-09-09 17:10:59','Spent on 2 digit number  98'),(438,28,'Spend',5.00,'2024-09-09 17:11:07','Spent on 2 digit number  91'),(439,28,'Spend',5.00,'2024-09-09 17:11:18','Spent on 2 digit number  83'),(440,28,'Spend',5.00,'2024-09-09 17:11:25','Spent on 2 digit number  82'),(441,28,'Spend',5.00,'2024-09-09 17:11:40','Spent on 2 digit number  79'),(442,28,'Spend',5.00,'2024-09-09 17:11:50','Spent on 2 digit number  65'),(443,28,'Spend',5.00,'2024-09-09 17:11:56','Spent on 2 digit number  62'),(444,28,'Spend',10.00,'2024-09-09 17:12:04','Spent on 2 digit number  66'),(445,28,'Spend',5.00,'2024-09-09 17:12:33','Spent on 2 digit number  25'),(446,28,'Spend',20.00,'2024-09-14 18:04:53','Spent on 2 digit number  4'),(447,28,'Spend',5.00,'2024-09-14 18:05:09','Spent on 2 digit number  5'),(448,28,'Spend',5.00,'2024-09-14 18:05:17','Spent on 2 digit number  3'),(449,28,'Spend',5.00,'2024-09-14 18:05:29','Spent on 2 digit number  6'),(450,28,'Spend',10.00,'2024-09-14 18:05:38','Spent on 2 digit number  14'),(451,28,'Spend',5.00,'2024-09-14 18:05:45','Spent on 2 digit number  15'),(452,28,'Spend',5.00,'2024-09-14 18:05:51','Spent on 2 digit number  12'),(453,28,'Spend',15.00,'2024-09-14 18:06:01','Spent on 2 digit number  26'),(454,28,'Spend',5.00,'2024-09-14 18:06:08','Spent on 2 digit number  27'),(455,28,'Spend',5.00,'2024-09-14 18:06:17','Spent on 2 digit number  21'),(456,28,'Spend',5.00,'2024-09-14 18:06:28','Spent on 2 digit number  34'),(457,28,'Spend',5.00,'2024-09-14 18:06:35','Spent on 2 digit number  36'),(458,28,'Spend',5.00,'2024-09-14 18:06:48','Spent on 2 digit number  33'),(459,28,'Spend',5.00,'2024-09-14 18:06:59','Spent on 2 digit number  38'),(460,28,'Spend',10.00,'2024-09-14 18:07:11','Spent on 2 digit number  48'),(461,28,'Spend',5.00,'2024-09-14 18:07:18','Spent on 2 digit number  47'),(462,28,'Spend',5.00,'2024-09-14 18:07:26','Spent on 2 digit number  43'),(463,28,'Spend',10.00,'2024-09-14 18:07:33','Spent on 2 digit number  41'),(464,28,'Spend',60.00,'2024-09-14 18:08:08','Spent on 2 digit number  52'),(465,28,'Spend',5.00,'2024-09-14 18:08:16','Spent on 2 digit number  58'),(466,28,'Spend',5.00,'2024-09-14 18:08:26','Spent on 2 digit number  53'),(467,28,'Spend',5.00,'2024-09-14 18:08:32','Spent on 2 digit number  51'),(468,28,'Spend',5.00,'2024-09-14 18:08:40','Spent on 2 digit number  50'),(469,28,'Spend',5.00,'2024-09-14 18:09:03','Spent on 2 digit number  98'),(470,28,'Spend',5.00,'2024-09-14 18:09:10','Spent on 2 digit number  94'),(471,28,'Spend',50.00,'2024-09-14 18:09:18','Spent on 2 digit number  97'),(472,28,'Spend',5.00,'2024-09-14 18:09:52','Spent on 2 digit number  93'),(473,28,'Spend',5.00,'2024-09-14 18:09:58','Spent on 2 digit number  91'),(474,28,'Spend',5.00,'2024-09-14 18:10:13','Spent on 2 digit number  86'),(475,28,'Spend',5.00,'2024-09-14 18:11:18','Spent on 2 digit number  82'),(476,28,'Spend',5.00,'2024-09-14 18:11:30','Spent on 2 digit number  71'),(477,28,'Spend',5.00,'2024-09-14 18:11:44','Spent on 2 digit number  72'),(478,28,'Spend',15.00,'2024-09-28 18:17:41','Spent on 2 digit number  5'),(479,28,'Spend',10.00,'2024-09-28 18:17:50','Spent on 2 digit number  6'),(480,28,'Spend',10.00,'2024-09-28 18:18:05','Spent on 2 digit number  4'),(481,28,'Spend',5.00,'2024-09-28 18:18:15','Spent on 2 digit number  7'),(482,28,'Spend',15.00,'2024-09-28 18:18:30','Spent on 2 digit number  27'),(483,28,'Spend',5.00,'2024-09-28 18:18:37','Spent on 2 digit number  30'),(484,28,'Spend',5.00,'2024-09-28 18:18:47','Spent on 2 digit number  26'),(485,28,'Spend',10.00,'2024-09-28 18:19:06','Spent on 2 digit number  16'),(486,28,'Spend',10.00,'2024-09-28 18:19:16','Spent on 2 digit number  61'),(487,28,'Spend',10.00,'2024-09-28 18:19:26','Spent on 2 digit number  51'),(488,28,'Spend',5.00,'2024-09-28 18:19:33','Spent on 2 digit number  50'),(489,28,'Spend',5.00,'2024-09-28 18:19:38','Spent on 2 digit number  60'),(490,28,'Spend',5.00,'2024-09-28 18:19:42','Spent on 2 digit number  66'),(491,28,'Spend',5.00,'2024-09-28 18:19:49','Spent on 2 digit number  55'),(492,28,'Spend',5.00,'2024-09-28 18:19:55','Spent on 2 digit number  67'),(493,28,'Spend',5.00,'2024-09-28 18:20:01','Spent on 2 digit number  72'),(494,28,'Spend',5.00,'2024-09-28 18:20:06','Spent on 2 digit number  71'),(495,28,'Spend',5.00,'2024-09-28 18:20:14','Spent on 2 digit number  79'),(496,28,'Spend',10.00,'2024-09-28 18:20:47','Spent on 2 digit number  82'),(497,28,'Spend',5.00,'2024-09-28 18:20:52','Spent on 2 digit number  91'),(498,28,'Spend',5.00,'2024-09-28 18:20:56','Spent on 2 digit number  94'),(499,28,'Spend',5.00,'2024-09-28 18:21:02','Spent on 2 digit number  96'),(500,28,'Spend',5.00,'2024-09-28 18:21:10','Spent on 2 digit number  83'),(501,28,'Spend',5.00,'2024-09-28 18:21:26','Spent on 2 digit number  48'),(502,32,'Spend',50.00,'2024-09-30 17:52:13','Spent on 2 digit number  7'),(503,32,'Spend',10.00,'2024-09-30 18:03:47','Spent on 2 digit number  48'),(504,32,'Spend',10.00,'2024-09-30 18:03:47','Spent on 2 digit number  47'),(505,32,'Spend',10.00,'2024-09-30 18:03:47','Spent on 2 digit number  46'),(506,32,'Spend',10.00,'2024-09-30 18:03:47','Spent on 2 digit number  43'),(507,32,'Spend',10.00,'2024-09-30 18:03:47','Spent on 2 digit number  84'),(508,32,'Spend',10.00,'2024-09-30 18:03:47','Spent on 2 digit number  87'),(509,32,'Spend',10.00,'2024-09-30 18:03:47','Spent on 2 digit number  86'),(510,32,'Spend',10.00,'2024-09-30 18:03:47','Spent on 2 digit number  83'),(511,32,'Spend',10.00,'2024-09-30 18:03:47','Spent on 2 digit number  74'),(512,32,'Spend',10.00,'2024-09-30 18:03:47','Spent on 2 digit number  78'),(513,32,'Spend',10.00,'2024-09-30 18:03:47','Spent on 2 digit number  76'),(514,32,'Spend',10.00,'2024-09-30 18:03:47','Spent on 2 digit number  73'),(515,32,'Spend',10.00,'2024-09-30 18:03:47','Spent on 2 digit number  64'),(516,32,'Spend',10.00,'2024-09-30 18:03:47','Spent on 2 digit number  68'),(517,32,'Spend',10.00,'2024-09-30 18:03:47','Spent on 2 digit number  67'),(518,32,'Spend',10.00,'2024-09-30 18:03:47','Spent on 2 digit number  63'),(519,32,'Spend',10.00,'2024-09-30 18:03:47','Spent on 2 digit number  34'),(520,32,'Spend',10.00,'2024-09-30 18:03:47','Spent on 2 digit number  38'),(521,32,'Spend',10.00,'2024-09-30 18:03:47','Spent on 2 digit number  37'),(522,32,'Spend',10.00,'2024-09-30 18:03:47','Spent on 2 digit number  36'),(523,36,'Spend',10.00,'2024-10-03 16:25:39','Spent on 2 digit number  60'),(524,36,'Spend',10.00,'2024-10-03 16:32:19','Spent on 2 digit number  6'),(525,36,'Spend',10.00,'2024-10-03 16:32:20','Spent on 2 digit number  6'),(526,36,'Spend',5.00,'2024-10-03 16:33:12','Spent on 2 digit number  20'),(527,36,'Spend',5.00,'2024-10-03 16:33:14','Spent on 2 digit number  20'),(528,28,'Spend',10.00,'2024-10-05 17:56:33','Spent on 2 digit number  58'),(529,28,'Spend',5.00,'2024-10-05 17:56:45','Spent on 2 digit number  56'),(530,28,'Spend',5.00,'2024-10-05 17:56:53','Spent on 2 digit number  53'),(531,28,'Spend',5.00,'2024-10-05 17:57:00','Spent on 2 digit number  50'),(532,28,'Spend',10.00,'2024-10-05 17:57:07','Spent on 2 digit number  52'),(533,28,'Spend',35.00,'2024-10-05 17:57:45','Spent on 2 digit number  4'),(534,28,'Spend',10.00,'2024-10-05 17:57:52','Spent on 2 digit number  3'),(535,28,'Spend',10.00,'2024-10-05 17:57:58','Spent on 2 digit number  7'),(536,28,'Spend',5.00,'2024-10-05 17:58:04','Spent on 2 digit number  6'),(537,28,'Spend',5.00,'2024-10-05 17:58:11','Spent on 2 digit number  5'),(538,28,'Spend',5.00,'2024-10-05 17:58:22','Spent on 2 digit number  13'),(539,28,'Spend',10.00,'2024-10-05 17:58:28','Spent on 2 digit number  12'),(540,28,'Spend',5.00,'2024-10-05 17:58:35','Spent on 2 digit number  18'),(541,28,'Spend',10.00,'2024-10-05 17:58:42','Spent on 2 digit number  15'),(542,28,'Spend',5.00,'2024-10-05 17:58:51','Spent on 2 digit number  14'),(543,28,'Spend',10.00,'2024-10-05 17:59:10','Spent on 2 digit number  31'),(544,28,'Spend',5.00,'2024-10-05 17:59:17','Spent on 2 digit number  38'),(545,28,'Spend',5.00,'2024-10-05 17:59:23','Spent on 2 digit number  37'),(546,28,'Spend',5.00,'2024-10-05 17:59:37','Spent on 2 digit number  33'),(547,28,'Spend',5.00,'2024-10-05 17:59:52','Spent on 2 digit number  30'),(548,28,'Spend',5.00,'2024-10-05 18:00:01','Spent on 2 digit number  40'),(549,28,'Spend',5.00,'2024-10-05 18:00:05','Spent on 2 digit number  48'),(550,28,'Spend',5.00,'2024-10-05 18:00:12','Spent on 2 digit number  49'),(551,28,'Spend',5.00,'2024-10-05 18:00:20','Spent on 2 digit number  45'),(552,28,'Spend',5.00,'2024-10-05 18:00:36','Spent on 2 digit number  42'),(553,28,'Spend',20.00,'2024-10-05 18:00:51','Spent on 2 digit number  67'),(554,28,'Spend',5.00,'2024-10-05 18:00:58','Spent on 2 digit number  66'),(555,28,'Spend',5.00,'2024-10-05 18:01:04','Spent on 2 digit number  62'),(556,28,'Spend',5.00,'2024-10-05 18:01:11','Spent on 2 digit number  60'),(557,28,'Spend',5.00,'2024-10-05 18:01:24','Spent on 2 digit number  61'),(558,28,'Spend',5.00,'2024-10-05 18:01:30','Spent on 2 digit number  71'),(559,28,'Spend',5.00,'2024-10-05 18:01:35','Spent on 2 digit number  77'),(560,28,'Spend',5.00,'2024-10-05 18:01:42','Spent on 2 digit number  76'),(561,28,'Spend',5.00,'2024-10-05 18:01:48','Spent on 2 digit number  78'),(562,28,'Spend',5.00,'2024-10-05 18:01:56','Spent on 2 digit number  72'),(563,28,'Spend',5.00,'2024-10-05 18:02:27','Spent on 2 digit number  99'),(564,28,'Spend',50.00,'2024-10-05 18:05:18','Spent on 2 digit number  95'),(565,28,'Spend',5.00,'2024-10-05 18:05:53','Spent on 2 digit number  94'),(566,28,'Spend',5.00,'2024-10-05 18:05:58','Spent on 2 digit number  90'),(567,28,'Spend',5.00,'2024-10-05 18:06:09','Spent on 2 digit number  93'),(568,28,'Spend',5.00,'2024-10-05 18:06:46','Spent on 2 digit number  21'),(569,28,'Spend',5.00,'2024-10-05 18:06:58','Spent on 2 digit number  27'),(570,28,'Spend',5.00,'2024-10-05 18:07:05','Spent on 2 digit number  22'),(571,28,'Spend',5.00,'2024-10-05 18:07:13','Spent on 2 digit number  20'),(572,28,'Spend',5.00,'2024-10-05 18:07:24','Spent on 2 digit number  24'),(573,28,'Spend',5.00,'2024-10-05 18:07:39','Spent on 2 digit number  83'),(574,28,'Spend',5.00,'2024-10-05 18:07:45','Spent on 2 digit number  86'),(575,28,'Spend',5.00,'2024-10-05 18:07:53','Spent on 2 digit number  82'),(576,28,'Spend',5.00,'2024-10-05 18:07:59','Spent on 2 digit number  80'),(577,28,'Spend',5.00,'2024-10-05 18:08:11','Spent on 2 digit number  83'),(578,28,'Spend',5.00,'2024-10-05 18:08:24','Spent on 2 digit number  36'),(579,28,'Spend',5.00,'2024-10-05 18:08:34','Spent on 2 digit number  63'),(580,28,'Winner',420.00,'2024-10-05 19:04:41','Full Number Winner'),(581,36,'Spend',10.00,'2024-10-07 16:09:24','Spent on 2 digit number  39'),(582,36,'Spend',10.00,'2024-10-07 16:09:24','Spent on 2 digit number  89'),(583,36,'Spend',10.00,'2024-10-07 16:09:34','Spent on 2 digit number  39'),(584,36,'Spend',10.00,'2024-10-07 16:09:34','Spent on 2 digit number  89'),(585,36,'Spend',5.00,'2024-10-07 16:11:47','Spent on 2 digit number  29'),(586,36,'Spend',5.00,'2024-10-07 16:11:47','Spent on 2 digit number  32'),(587,36,'Spend',5.00,'2024-10-07 16:11:47','Spent on 2 digit number  38'),(588,36,'Spend',5.00,'2024-10-07 16:11:47','Spent on 2 digit number  82'),(589,36,'Spend',5.00,'2024-10-07 16:11:47','Spent on 2 digit number  28'),(590,36,'Spend',5.00,'2024-10-07 16:11:47','Spent on 2 digit number  80'),(591,36,'Spend',5.00,'2024-10-07 16:11:47','Spent on 2 digit number  30'),(592,36,'Spend',5.00,'2024-10-07 16:11:47','Spent on 2 digit number  20'),(593,36,'Spend',5.00,'2024-10-07 16:11:47','Spent on 2 digit number  83'),(594,36,'Spend',5.00,'2024-10-07 16:11:47','Spent on 2 digit number  29'),(595,36,'Spend',5.00,'2024-10-07 16:11:47','Spent on 2 digit number  32'),(596,36,'Spend',5.00,'2024-10-07 16:11:47','Spent on 2 digit number  38'),(597,36,'Spend',5.00,'2024-10-07 16:11:47','Spent on 2 digit number  82'),(598,36,'Spend',5.00,'2024-10-07 16:11:47','Spent on 2 digit number  28'),(599,36,'Spend',5.00,'2024-10-07 16:11:47','Spent on 2 digit number  80'),(600,36,'Spend',5.00,'2024-10-07 16:11:47','Spent on 2 digit number  30'),(601,36,'Spend',5.00,'2024-10-07 16:11:47','Spent on 2 digit number  20'),(602,36,'Spend',5.00,'2024-10-07 16:11:47','Spent on 2 digit number  83'),(603,28,'Spend',5.00,'2024-10-16 17:09:36','Spent on 2 digit number  43'),(604,28,'Spend',5.00,'2024-10-16 17:09:36','Spent on 2 digit number  40'),(605,28,'Spend',5.00,'2024-10-16 17:09:36','Spent on 2 digit number  46'),(606,28,'Spend',5.00,'2024-10-16 17:09:36','Spent on 2 digit number  49'),(607,28,'Spend',5.00,'2024-10-16 17:09:36','Spent on 2 digit number  34'),(608,28,'Spend',5.00,'2024-10-16 17:09:36','Spent on 2 digit number  30'),(609,28,'Spend',5.00,'2024-10-16 17:09:36','Spent on 2 digit number  36'),(610,28,'Spend',5.00,'2024-10-16 17:09:36','Spent on 2 digit number  39'),(611,28,'Spend',5.00,'2024-10-16 17:09:36','Spent on 2 digit number  4'),(612,28,'Spend',5.00,'2024-10-16 17:09:36','Spent on 2 digit number  3'),(613,28,'Spend',5.00,'2024-10-16 17:09:36','Spent on 2 digit number  6'),(614,28,'Spend',5.00,'2024-10-16 17:09:36','Spent on 2 digit number  9'),(615,28,'Spend',5.00,'2024-10-16 17:09:36','Spent on 2 digit number  64'),(616,28,'Spend',5.00,'2024-10-16 17:09:36','Spent on 2 digit number  63'),(617,28,'Spend',5.00,'2024-10-16 17:09:36','Spent on 2 digit number  60'),(618,28,'Spend',5.00,'2024-10-16 17:09:36','Spent on 2 digit number  69'),(619,28,'Spend',5.00,'2024-10-16 17:09:36','Spent on 2 digit number  94'),(620,28,'Spend',5.00,'2024-10-16 17:09:36','Spent on 2 digit number  93'),(621,28,'Spend',5.00,'2024-10-16 17:09:36','Spent on 2 digit number  90'),(622,28,'Spend',5.00,'2024-10-16 17:09:36','Spent on 2 digit number  96'),(623,28,'Spend',5.00,'2024-10-16 17:09:36','Spent on 2 digit number  43'),(624,28,'Spend',5.00,'2024-10-16 17:09:36','Spent on 2 digit number  40'),(625,28,'Spend',5.00,'2024-10-16 17:09:36','Spent on 2 digit number  46'),(626,28,'Spend',5.00,'2024-10-16 17:09:36','Spent on 2 digit number  49'),(627,28,'Spend',5.00,'2024-10-16 17:09:36','Spent on 2 digit number  34'),(628,28,'Spend',5.00,'2024-10-16 17:09:36','Spent on 2 digit number  30'),(629,28,'Spend',5.00,'2024-10-16 17:09:36','Spent on 2 digit number  36'),(630,28,'Spend',5.00,'2024-10-16 17:09:36','Spent on 2 digit number  39'),(631,28,'Spend',5.00,'2024-10-16 17:09:36','Spent on 2 digit number  4'),(632,28,'Spend',5.00,'2024-10-16 17:09:36','Spent on 2 digit number  3'),(633,28,'Spend',5.00,'2024-10-16 17:09:36','Spent on 2 digit number  6'),(634,28,'Spend',5.00,'2024-10-16 17:09:36','Spent on 2 digit number  9'),(635,28,'Spend',5.00,'2024-10-16 17:09:36','Spent on 2 digit number  64'),(636,28,'Spend',5.00,'2024-10-16 17:09:36','Spent on 2 digit number  63'),(637,28,'Spend',5.00,'2024-10-16 17:09:36','Spent on 2 digit number  60'),(638,28,'Spend',5.00,'2024-10-16 17:09:36','Spent on 2 digit number  69'),(639,28,'Spend',5.00,'2024-10-16 17:09:36','Spent on 2 digit number  94'),(640,28,'Spend',5.00,'2024-10-16 17:09:36','Spent on 2 digit number  93'),(641,28,'Spend',5.00,'2024-10-16 17:09:36','Spent on 2 digit number  90'),(642,28,'Spend',5.00,'2024-10-16 17:09:36','Spent on 2 digit number  96'),(643,28,'Spend',10.00,'2024-10-16 17:10:16','Spent on 2 digit number  51'),(644,28,'Spend',5.00,'2024-10-16 17:10:33','Spent on 2 digit number  53'),(645,28,'Spend',5.00,'2024-10-16 17:10:48','Spent on 2 digit number  15'),(646,28,'Spend',5.00,'2024-10-16 17:10:53','Spent on 2 digit number  14'),(647,28,'Winner',420.00,'2024-10-16 19:00:29','Full Number Winner'),(648,40,'Spend',1990.00,'2024-10-18 18:18:09','Spent on first digit number  8'),(649,28,'Spend',5.00,'2024-10-20 17:35:00','Spent on 2 digit number  79'),(650,28,'Spend',5.00,'2024-10-20 17:35:00','Spent on 2 digit number  74'),(651,28,'Spend',5.00,'2024-10-20 17:35:00','Spent on 2 digit number  71'),(652,28,'Spend',5.00,'2024-10-20 17:35:00','Spent on 2 digit number  97'),(653,28,'Spend',5.00,'2024-10-20 17:35:00','Spent on 2 digit number  94'),(654,28,'Spend',5.00,'2024-10-20 17:35:00','Spent on 2 digit number  91'),(655,28,'Spend',5.00,'2024-10-20 17:35:00','Spent on 2 digit number  47'),(656,28,'Spend',5.00,'2024-10-20 17:35:00','Spent on 2 digit number  49'),(657,28,'Spend',5.00,'2024-10-20 17:35:00','Spent on 2 digit number  41'),(658,28,'Spend',5.00,'2024-10-20 17:35:00','Spent on 2 digit number  17'),(659,28,'Spend',5.00,'2024-10-20 17:35:00','Spent on 2 digit number  19'),(660,28,'Spend',5.00,'2024-10-20 17:35:00','Spent on 2 digit number  14'),(661,28,'Spend',50.00,'2024-10-20 17:38:23','Spent on first digit number  7'),(662,28,'Spend',50.00,'2024-10-20 17:38:34','Spent on first digit number  9'),(663,28,'Spend',30.00,'2024-10-20 17:39:02','Spent on first digit number  2'),(664,28,'Spend',20.00,'2024-10-20 17:39:54','Spent on 2 digit number  41'),(665,28,'Spend',10.00,'2024-10-20 17:40:32','Spent on 2 digit number  77'),(666,28,'Spend',10.00,'2024-10-20 17:40:59','Spent on 2 digit number  52'),(667,28,'Spend',30.00,'2024-10-21 17:27:55','Spent on 2 digit number  95'),(668,28,'Spend',20.00,'2024-10-21 17:28:14','Spent on 2 digit number  4'),(669,28,'Spend',15.00,'2024-10-21 17:28:27','Spent on 2 digit number  12'),(670,28,'Spend',10.00,'2024-10-21 17:28:38','Spent on 2 digit number  22'),(671,28,'Spend',10.00,'2024-10-21 17:28:48','Spent on 2 digit number  32'),(672,28,'Spend',10.00,'2024-10-21 17:29:04','Spent on 2 digit number  71'),(673,28,'Spend',10.00,'2024-10-21 17:30:02','Spent on 2 digit number  94'),(674,28,'Spend',10.00,'2024-10-21 17:30:15','Spent on 2 digit number  72'),(675,28,'Spend',5.00,'2024-10-21 17:31:29','Spent on 2 digit number  76'),(676,28,'Spend',5.00,'2024-10-21 17:31:29','Spent on 2 digit number  72'),(677,28,'Spend',5.00,'2024-10-21 17:31:29','Spent on 2 digit number  75'),(678,28,'Spend',5.00,'2024-10-21 17:31:29','Spent on 2 digit number  79'),(679,28,'Spend',5.00,'2024-10-21 17:31:29','Spent on 2 digit number  67'),(680,28,'Spend',5.00,'2024-10-21 17:31:29','Spent on 2 digit number  62'),(681,28,'Spend',5.00,'2024-10-21 17:31:29','Spent on 2 digit number  65'),(682,28,'Spend',5.00,'2024-10-21 17:31:29','Spent on 2 digit number  69'),(683,28,'Spend',5.00,'2024-10-21 17:31:29','Spent on 2 digit number  27'),(684,28,'Spend',5.00,'2024-10-21 17:31:29','Spent on 2 digit number  26'),(685,28,'Spend',5.00,'2024-10-21 17:31:29','Spent on 2 digit number  25'),(686,28,'Spend',5.00,'2024-10-21 17:31:29','Spent on 2 digit number  29'),(687,28,'Spend',5.00,'2024-10-21 17:31:29','Spent on 2 digit number  57'),(688,28,'Spend',5.00,'2024-10-21 17:31:29','Spent on 2 digit number  56'),(689,28,'Spend',5.00,'2024-10-21 17:31:29','Spent on 2 digit number  52'),(690,28,'Spend',5.00,'2024-10-21 17:31:29','Spent on 2 digit number  59'),(691,28,'Spend',5.00,'2024-10-21 17:31:29','Spent on 2 digit number  97'),(692,28,'Spend',5.00,'2024-10-21 17:31:29','Spent on 2 digit number  96'),(693,28,'Spend',5.00,'2024-10-21 17:31:29','Spent on 2 digit number  92'),(694,28,'Spend',5.00,'2024-10-21 17:31:29','Spent on 2 digit number  95'),(695,40,'Spend',80.00,'2024-10-21 18:20:58','Spent on 2 digit number  4'),(696,40,'Spend',80.00,'2024-10-21 18:21:09','Spent on 2 digit number  40'),(697,40,'Spend',80.00,'2024-10-21 18:21:26','Spent on 2 digit number  9'),(698,40,'Spend',80.00,'2024-10-21 18:21:36','Spent on 2 digit number  90'),(699,40,'Winner',6720.00,'2024-10-21 19:01:37','Full Number Winner'),(700,40,'Spend',2000.00,'2024-10-23 18:33:40','Spent on first digit number  0'),(701,40,'Spend',2000.00,'2024-10-23 18:33:59','Spent on first digit number  8'),(702,40,'Spend',2000.00,'2024-10-23 18:34:46','Spent on first digit number  9'),(703,40,'Spend',500.00,'2024-10-23 18:35:09','Spent on 2 digit number  55'),(704,40,'Spend',500.00,'2024-10-23 18:35:37','Spent on 2 digit number  59'),(705,40,'Spend',1300.00,'2024-11-01 18:35:34','Spent on first digit number  4'),(706,40,'Spend',1300.00,'2024-11-01 18:35:50','Spent on first digit number  0'),(707,40,'Spend',1300.00,'2024-11-01 18:36:00','Spent on first digit number  9'),(708,40,'Spend',300.00,'2024-11-01 18:36:32','Spent on 2 digit number  69'),(709,40,'Winner',9750.00,'2024-11-01 18:59:01','First Digit Winner'),(710,40,'Spend',1500.00,'2024-11-02 18:37:38','Spent on first digit number  0'),(711,40,'Spend',1500.00,'2024-11-02 18:37:48','Spent on first digit number  3'),(712,40,'Winner',11250.00,'2024-11-02 19:03:29','First Digit Winner'),(713,40,'Spend',1500.00,'2024-11-03 18:34:26','Spent on first digit number  0'),(714,40,'Spend',1500.00,'2024-11-03 18:34:34','Spent on first digit number  2'),(715,40,'Spend',1500.00,'2024-11-03 18:34:40','Spent on first digit number  6'),(716,40,'Spend',80.00,'2024-11-05 16:49:24','Spent on 2 digit number  0'),(717,40,'Spend',80.00,'2024-11-05 16:50:27','Spent on 2 digit number  13'),(718,40,'Spend',80.00,'2024-11-05 16:50:38','Spent on 2 digit number  24'),(719,40,'Spend',80.00,'2024-11-05 16:50:52','Spent on 2 digit number  39'),(720,40,'Spend',80.00,'2024-11-05 16:51:04','Spent on 2 digit number  42'),(721,40,'Spend',80.00,'2024-11-05 16:51:26','Spent on 2 digit number  49'),(722,40,'Spend',80.00,'2024-11-05 16:51:51','Spent on 2 digit number  59'),(723,40,'Spend',80.00,'2024-11-05 16:52:01','Spent on 2 digit number  63'),(724,40,'Spend',80.00,'2024-11-05 16:52:11','Spent on 2 digit number  75'),(725,40,'Spend',80.00,'2024-11-05 16:52:20','Spent on 2 digit number  86'),(726,40,'Spend',80.00,'2024-11-05 16:52:33','Spent on 2 digit number  94'),(727,40,'Spend',80.00,'2024-11-05 16:52:42','Spent on 2 digit number  90'),(728,40,'Spend',400.00,'2024-11-05 18:35:27','Spent on 2 digit number  50'),(729,40,'Spend',400.00,'2024-11-05 18:35:40','Spent on 2 digit number  84'),(730,40,'Winner',6720.00,'2024-11-05 18:59:06','Full Number Winner'),(731,40,'Spend',1500.00,'2024-11-07 15:36:02','Spent on first digit number  0'),(732,40,'Spend',1500.00,'2024-11-07 15:36:16','Spent on first digit number  2'),(733,40,'Spend',1500.00,'2024-11-07 15:36:26','Spent on first digit number  9'),(734,40,'Winner',11250.00,'2024-11-07 18:59:38','First Digit Winner'),(735,40,'Spend',500.00,'2024-11-12 18:35:27','Spent on first digit number  4'),(736,40,'Spend',500.00,'2024-11-12 18:35:39','Spent on first digit number  9'),(737,40,'Spend',100.00,'2024-11-12 18:36:34','Spent on 2 digit number  77'),(738,40,'Spend',100.00,'2024-11-12 18:36:43','Spent on 2 digit number  81'),(739,41,'Spend',2000.00,'2024-11-12 18:37:32','Spent on first digit number  4'),(740,40,'Spend',250.00,'2024-11-16 18:15:07','Spent on 2 digit number  34'),(741,40,'Spend',250.00,'2024-11-16 18:15:19','Spent on 2 digit number  43'),(742,40,'Spend',260.00,'2024-11-16 18:15:33','Spent on 2 digit number  12'),(743,40,'Spend',260.00,'2024-11-16 18:15:41','Spent on 2 digit number  21'),(744,40,'Spend',300.00,'2024-11-16 18:15:54','Spent on 2 digit number  7'),(745,40,'Spend',280.00,'2024-11-16 18:16:23','Spent on 2 digit number  52'),(746,40,'Spend',300.00,'2024-11-16 18:17:00','Spent on 2 digit number  74'),(747,40,'Spend',250.00,'2024-11-16 18:17:10','Spent on 2 digit number  84'),(748,40,'Spend',240.00,'2024-11-16 18:17:41','Spent on 2 digit number  63'),(749,40,'Spend',50.00,'2024-11-17 17:25:00','Spent on 2 digit number  04'),(750,40,'Spend',50.00,'2024-11-17 17:25:10','Spent on 2 digit number  13'),(751,40,'Spend',50.00,'2024-11-17 17:25:26','Spent on 2 digit number  22'),(752,40,'Spend',50.00,'2024-11-17 17:25:41','Spent on 2 digit number  39'),(753,40,'Spend',50.00,'2024-11-17 17:25:53','Spent on 2 digit number  48'),(754,40,'Spend',50.00,'2024-11-17 17:26:18','Spent on 2 digit number  58'),(755,40,'Spend',50.00,'2024-11-17 17:26:37','Spent on 2 digit number  69'),(756,40,'Spend',50.00,'2024-11-17 17:26:50','Spent on 2 digit number  77'),(757,40,'Spend',50.00,'2024-11-17 17:27:04','Spent on 2 digit number  85'),(758,40,'Spend',50.00,'2024-11-17 17:27:51','Spent on 2 digit number  87'),(759,40,'Spend',50.00,'2024-11-17 17:28:17','Spent on 2 digit number  39'),(760,40,'Spend',50.00,'2024-11-17 17:28:39','Spent on 2 digit number  93'),(761,40,'Spend',50.00,'2024-11-17 17:29:57','Spent on 2 digit number  96'),(762,40,'Spend',400.00,'2024-11-17 18:33:24','Spent on 2 digit number  66'),(763,29,'Spend',100.00,'2024-11-20 18:33:18','Spent on 2 digit number  64'),(764,29,'Spend',200.00,'2024-11-20 18:33:29','Spent on first digit number  6'),(765,28,'Spend',10.00,'2024-11-21 17:54:48','Spent on 2 digit number  62'),(766,28,'Spend',10.00,'2024-11-21 17:54:48','Spent on 2 digit number  67'),(767,28,'Spend',10.00,'2024-11-21 17:54:48','Spent on 2 digit number  69'),(768,28,'Spend',10.00,'2024-11-21 17:54:48','Spent on 2 digit number  64'),(769,28,'Spend',10.00,'2024-11-21 17:54:48','Spent on 2 digit number  26'),(770,28,'Spend',10.00,'2024-11-21 17:54:48','Spent on 2 digit number  27'),(771,28,'Spend',10.00,'2024-11-21 17:54:48','Spent on 2 digit number  29'),(772,28,'Spend',10.00,'2024-11-21 17:54:48','Spent on 2 digit number  24'),(773,28,'Spend',10.00,'2024-11-21 17:54:48','Spent on 2 digit number  76'),(774,28,'Spend',10.00,'2024-11-21 17:54:48','Spent on 2 digit number  72'),(775,28,'Spend',10.00,'2024-11-21 17:54:48','Spent on 2 digit number  79'),(776,28,'Spend',10.00,'2024-11-21 17:54:48','Spent on 2 digit number  74'),(777,28,'Spend',10.00,'2024-11-21 17:54:48','Spent on 2 digit number  96'),(778,28,'Spend',10.00,'2024-11-21 17:54:48','Spent on 2 digit number  92'),(779,28,'Spend',10.00,'2024-11-21 17:54:48','Spent on 2 digit number  97'),(780,28,'Spend',10.00,'2024-11-21 17:54:48','Spent on 2 digit number  94'),(781,28,'Spend',10.00,'2024-11-21 17:54:48','Spent on 2 digit number  46'),(782,28,'Spend',10.00,'2024-11-21 17:54:48','Spent on 2 digit number  42'),(783,28,'Spend',10.00,'2024-11-21 17:54:48','Spent on 2 digit number  47'),(784,28,'Spend',10.00,'2024-11-21 17:54:48','Spent on 2 digit number  49'),(785,28,'Spend',25.00,'2024-11-21 17:55:12','Spent on first digit number  8'),(786,28,'Spend',50.00,'2024-11-21 17:55:25','Spent on first digit number  5'),(787,28,'Spend',50.00,'2024-11-21 17:55:58','Spent on first digit number  7'),(788,30,'Spend',125.00,'2024-11-22 17:24:49','Spent on 2 digit number  12'),(789,30,'Spend',125.00,'2024-11-22 17:24:49','Spent on 2 digit number  21'),(790,30,'Spend',125.00,'2024-11-22 17:24:49','Spent on 2 digit number  23'),(791,30,'Spend',125.00,'2024-11-22 17:24:49','Spent on 2 digit number  32'),(792,30,'Spend',500.00,'2024-11-22 17:25:04','Spent on first digit number  1'),(793,28,'Spend',50.00,'2024-11-22 17:45:24','Spent on first digit number  2'),(794,28,'Spend',50.00,'2024-11-22 17:46:03','Spent on first digit number  5'),(795,28,'Spend',5.00,'2024-11-22 17:48:17','Spent on 2 digit number  72'),(796,28,'Spend',5.00,'2024-11-22 17:48:17','Spent on 2 digit number  76'),(797,28,'Spend',5.00,'2024-11-22 17:48:17','Spent on 2 digit number  27'),(798,28,'Spend',5.00,'2024-11-22 17:48:17','Spent on 2 digit number  26'),(799,28,'Spend',5.00,'2024-11-22 17:48:17','Spent on 2 digit number  67'),(800,28,'Spend',5.00,'2024-11-22 17:48:17','Spent on 2 digit number  62'),(801,28,'Spend',20.00,'2024-11-22 17:49:57','Spent on 2 digit number  0'),(802,28,'Spend',5.00,'2024-11-22 17:50:07','Spent on 2 digit number  11'),(803,28,'Spend',5.00,'2024-11-22 17:50:13','Spent on 2 digit number  22'),(804,28,'Spend',10.00,'2024-11-22 17:50:19','Spent on 2 digit number  33'),(805,28,'Spend',5.00,'2024-11-22 17:50:25','Spent on 2 digit number  44'),(806,28,'Spend',5.00,'2024-11-22 17:50:30','Spent on 2 digit number  55'),(807,28,'Spend',5.00,'2024-11-22 17:50:36','Spent on 2 digit number  66'),(808,28,'Spend',10.00,'2024-11-22 17:50:48','Spent on 2 digit number  77'),(809,28,'Spend',5.00,'2024-11-22 17:50:55','Spent on 2 digit number  88'),(810,28,'Spend',15.00,'2024-11-22 17:51:18','Spent on 2 digit number  99'),(811,28,'Spend',15.00,'2024-11-22 17:51:31','Spent on 2 digit number  21'),(812,28,'Spend',5.00,'2024-11-22 17:51:46','Spent on 2 digit number  4'),(813,28,'Spend',5.00,'2024-11-22 17:51:56','Spent on 2 digit number  9'),(814,28,'Spend',10.00,'2024-11-22 17:52:06','Spent on 2 digit number  93'),(815,28,'Spend',5.00,'2024-11-22 17:52:14','Spent on 2 digit number  98'),(816,28,'Spend',5.00,'2024-11-22 17:52:19','Spent on 2 digit number  94'),(817,28,'Spend',5.00,'2024-11-22 17:52:27','Spent on 2 digit number  83'),(818,28,'Spend',5.00,'2024-11-22 17:52:37','Spent on 2 digit number  70'),(819,28,'Spend',5.00,'2024-11-22 17:52:45','Spent on 2 digit number  62'),(820,28,'Spend',5.00,'2024-11-22 17:52:55','Spent on 2 digit number  52'),(821,28,'Spend',5.00,'2024-11-22 17:53:22','Spent on 2 digit number  2'),(822,28,'Spend',5.00,'2024-11-22 17:53:44','Spent on 2 digit number  12'),(823,28,'Spend',5.00,'2024-11-22 17:53:52','Spent on 2 digit number  25'),(824,28,'Spend',5.00,'2024-11-22 17:54:06','Spent on 2 digit number  27'),(825,29,'Spend',150.00,'2024-11-22 18:08:07','Spent on first digit number  7'),(826,29,'Spend',150.00,'2024-11-22 18:08:20','Spent on second digit number  7'),(827,28,'Winner',420.00,'2024-11-22 18:59:01','Full Number Winner');
/*!40000 ALTER TABLE `transactions` ENABLE KEYS */;
UNLOCK TABLES;
/*!40103 SET TIME_ZONE=@OLD_TIME_ZONE */;

/*!40101 SET SQL_MODE=@OLD_SQL_MODE */;
/*!40014 SET FOREIGN_KEY_CHECKS=@OLD_FOREIGN_KEY_CHECKS */;
/*!40014 SET UNIQUE_CHECKS=@OLD_UNIQUE_CHECKS */;
/*!40101 SET CHARACTER_SET_CLIENT=@OLD_CHARACTER_SET_CLIENT */;
/*!40101 SET CHARACTER_SET_RESULTS=@OLD_CHARACTER_SET_RESULTS */;
/*!40101 SET COLLATION_CONNECTION=@OLD_COLLATION_CONNECTION */;
/*!40111 SET SQL_NOTES=@OLD_SQL_NOTES */;

-- Dump completed on 2024-11-23 17:05:26
